process,t,c_biomass,c_glyco_frac,V_real,q_biomass,r_glyco_frac
run_1,0.0,0.1,0.95,1.0,0.15009781298084562,0.02970579407038211
run_1,0.10050251256281408,0.10151995633822838,0.9471679979896984,1.0,0.15009781298084562,0.02970579407038211
run_1,0.20100502512562815,0.10306301534856258,0.9443444383324371,1.0,0.15009781298084562,0.02970579407038211
run_1,0.3015075376884422,0.10462952967489532,0.9415292958553106,1.0,0.15009781298084562,0.02970579407038211
run_1,0.4020100502512563,0.10621985720352327,0.9387225454596426,1.0,0.15009781298084562,0.02970579407038211
run_1,0.5025125628140704,0.10783435758125522,0.9359241621353503,1.0,0.15009781298084562,0.02970579407038211
run_1,0.6030150753768844,0.10947339656510084,0.9331341209453357,1.0,0.15009781298084562,0.02970579407038211
run_1,0.7035175879396984,0.11113734612285832,0.9303523970251109,1.0,0.15009781298084562,0.02970579407038211
run_1,0.8040201005025126,0.11282658443311414,0.9275789655827984,1.0,0.15009781298084562,0.02970579407038211
run_1,0.9045226130653267,0.11454149588524325,0.9248138018991312,1.0,0.15009781298084562,0.02970579407038211
run_1,1.0050251256281408,0.11628247107940909,0.9220568813274523,1.0,0.15009781298084562,0.02970579407038211
run_1,1.105527638190955,0.11804990682656341,0.9193081792937151,1.0,0.15009781298084562,0.02970579407038211
run_1,1.2060301507537687,0.11984420614844642,0.9165676712964834,1.0,0.15009781298084562,0.02970579407038211
run_1,1.306532663316583,0.12166577827758683,0.9138353329069309,1.0,0.15009781298084562,0.02970579407038211
run_1,1.4070351758793969,0.12351503865730167,0.911111139768842,1.0,0.15009781298084562,0.02970579407038211
run_1,1.5075376884422111,0.12539240894169645,0.9083950675986109,1.0,0.15009781298084562,0.02970579407038211
run_1,1.6080402010050252,0.12729831699566505,0.9056870921852428,1.0,0.15009781298084562,0.02970579407038211
run_1,1.708542713567839,0.12923319689488985,0.9029871893903526,1.0,0.15009781298084562,0.02970579407038211
run_1,1.8090452261306533,0.1311974889258416,0.9002953351481656,1.0,0.15009781298084562,0.02970579407038211
run_1,1.9095477386934672,0.13319163958577948,0.8976115054655176,1.0,0.15009781298084562,0.02970579407038211
run_1,2.0,0.1350122783423776,0.8952028999777016,1.0,0.15009781298084562,0.02970579407038211
run_1,2.0100502512562817,0.1352161015827511,0.8949356764218542,1.0,0.15009781298084562,0.02970579407038211
run_1,2.1105527638190953,0.13727133383559242,0.8922678241692319,1.0,0.15009781298084562,0.02970579407038211
run_1,2.21105527638191,0.139357801473928,0.8896079249323171,1.0,0.15009781298084562,0.02970579407038211
run_1,2.3115577889447234,0.14147599133972766,0.886955954963553,1.0,0.15009781298084562,0.02970579407038211
run_1,2.4120603015075375,0.14362639811509634,0.8843118905821697,1.0,0.15009781298084562,0.02970579407038211
run_1,2.5125628140703515,0.14580950038525736,0.8816757082459802,1.0,0.15009781298084562,0.02970579407038211
run_1,2.613065326633166,0.1480257858791894,0.8790473844799879,1.0,0.15009781298084562,0.02970579407038211
run_1,2.71356783919598,0.1502757516295453,0.8764268958759295,1.0,0.15009781298084562,0.02970579407038211
run_1,2.8140703517587937,0.15255990397265198,0.8738142190922745,1.0,0.15009781298084562,0.02970579407038211
run_1,2.914572864321608,0.15487875854851063,0.8712093308542251,1.0,0.15009781298084562,0.02970579407038211
run_1,3.0150753768844223,0.15723284030079657,0.8686122079537164,1.0,0.15009781298084562,0.02970579407038211
run_1,3.1155778894472363,0.15962268347685923,0.8660228272494164,1.0,0.15009781298084562,0.02970579407038211
run_1,3.2160804020100504,0.16204883162772218,0.8634411656667258,1.0,0.15009781298084562,0.02970579407038211
run_1,3.316582914572864,0.16451183760808336,0.8608672001977783,1.0,0.15009781298084562,0.02970579407038211
run_1,3.417085427135678,0.16701226357631452,0.8583009079014405,1.0,0.15009781298084562,0.02970579407038211
run_1,3.5175879396984926,0.1695506809944619,0.8557422659033114,1.0,0.15009781298084562,0.02970579407038211
run_1,3.6180904522613067,0.1721276706282457,0.8531912513957236,1.0,0.15009781298084562,0.02970579407038211
run_1,3.7185929648241207,0.1747438225470604,0.8506478416377418,1.0,0.15009781298084562,0.02970579407038211
run_1,3.8190954773869343,0.17739973612397442,0.848112013955164,1.0,0.15009781298084562,0.02970579407038211
run_1,3.9195979899497493,0.18009602003573075,0.8455837457405209,1.0,0.15009781298084562,0.02970579407038211
run_1,4.0,0.1822825287764588,0.8435665588361023,1.0,0.15009781298084562,0.02970579407038211
run_1,4.020100502512563,0.18283329226274614,0.8430630144530761,1.0,0.15009781298084562,0.02970579407038211
run_1,4.1206030150753765,0.1856121800891116,0.8405497976188259,1.0,0.15009781298084562,0.02970579407038211
run_1,4.221105527638191,0.18843332010259248,0.8380440728304998,1.0,0.15009781298084562,0.02970579407038211
run_1,4.321608040201005,0.1912973581946281,0.8355458177475596,1.0,0.15009781298084562,0.02970579407038211
run_1,4.42211055276382,0.19420494956033202,0.8330550100962004,1.0,0.15009781298084562,0.02970579407038211
run_1,4.522613065326634,0.19715675869849195,0.8305716276693499,1.0,0.15009781298084562,0.02970579407038211
run_1,4.623115577889447,0.20015345941156967,0.8280956483266689,1.0,0.15009781298084562,0.02970579407038211
run_1,4.723618090452261,0.20319573480570133,0.8256270499945508,1.0,0.15009781298084562,0.02970579407038211
run_1,4.824120603015075,0.20628427729069704,0.8231658106661218,1.0,0.15009781298084562,0.02970579407038211
run_1,4.92462311557789,0.20941978858004118,0.8207119084012412,1.0,0.15009781298084562,0.02970579407038211
run_1,5.025125628140703,0.21260297969089217,0.8182653213265011,1.0,0.15009781298084562,0.02970579407038211
run_1,5.125628140703517,0.21583457094408276,0.8158260276352263,1.0,0.15009781298084562,0.02970579407038211
run_1,5.226130653266332,0.2191152919641197,0.8133940055874743,1.0,0.15009781298084562,0.02970579407038211
run_1,5.326633165829145,0.2224458816791841,0.810969233510036,1.0,0.15009781298084562,0.02970579407038211
run_1,5.42713567839196,0.225827088321131,0.8085516897964345,1.0,0.15009781298084562,0.02970579407038211
run_1,5.527638190954774,0.22925966942548964,0.8061413529069262,1.0,0.15009781298084562,0.02970579407038211
run_1,5.628140703517587,0.23274439183146367,0.8037382013685003,1.0,0.15009781298084562,0.02970579407038211
run_1,5.728643216080402,0.23628203189828598,0.8013422137746342,1.0,0.15009781298084562,0.02970579407038211
run_1,5.829145728643216,0.23987344680905764,0.7989533687062892,1.0,0.15009781298084562,0.02970579407038211
run_1,5.9296482412060305,0.24351948891649058,0.7965716448324839,1.0,0.15009781298084562,0.02970579407038211
run_1,6.0,0.24610465436572088,0.794908663874691,1.0,0.15009781298084562,0.02970579407038211
run_1,6.030150753768845,0.24722096761848372,0.7941970209497207,1.0,0.15009781298084562,0.02970579407038211
run_1,6.130653266331658,0.250978708262169,0.7918294759144433,1.0,0.15009781298084562,0.02970579407038211
run_1,6.231155778894473,0.25479355214391136,0.7894689886430362,1.0,0.15009781298084562,0.02970579407038211
run_1,6.331658291457286,0.2586663565093086,0.787115538111825,1.0,0.15009781298084562,0.02970579407038211
run_1,6.432160804020101,0.2625979945531916,0.7847691033570763,1.0,0.15009781298084562,0.02970579407038211
run_1,6.532663316582915,0.2665893554196241,0.7824296634749979,1.0,0.15009781298084562,0.02970579407038211
run_1,6.633165829145728,0.27064134420190294,0.7800971976217381,1.0,0.15009781298084562,0.02970579407038211
run_1,6.733668341708543,0.27475488194255787,0.7777716850133872,1.0,0.15009781298084562,0.02970579407038211
run_1,6.834170854271356,0.2789309056333516,0.7754531049259754,1.0,0.15009781298084562,0.02970579407038211
run_1,6.934673366834171,0.2831703682152798,0.7731414366954749,1.0,0.15009781298084562,0.02970579407038211
run_1,7.035175879396985,0.2874742385785711,0.7708366597177984,1.0,0.15009781298084562,0.02970579407038211
run_1,7.135678391959798,0.29184350156268707,0.7685387534487996,1.0,0.15009781298084562,0.02970579407038211
run_1,7.236180904522613,0.29627915795632237,0.7662476974042733,1.0,0.15009781298084562,0.02970579407038211
run_1,7.3366834170854265,0.3007822244974045,0.7639634711599558,1.0,0.15009781298084562,0.02970579407038211
run_1,7.437185929648241,0.3053537338730941,0.7616860543515237,1.0,0.15009781298084562,0.02970579407038211
run_1,7.5376884422110555,0.3099947347197845,0.759415426674595,1.0,0.15009781298084562,0.02970579407038211
run_1,7.638190954773869,0.31470629162310215,0.7571515678847288,1.0,0.15009781298084562,0.02970579407038211
run_1,7.738693467336684,0.31948948511790676,0.7548944577974249,1.0,0.15009781298084562,0.02970579407038211
run_1,7.839195979899499,0.32434541168829034,0.7526440762881247,1.0,0.15009781298084562,0.02970579407038211
run_1,7.939698492462312,0.32927518376757847,0.75040040329221,1.0,0.15009781298084562,0.02970579407038211
run_1,8.0,0.3322689616030817,0.7490574112566472,1.0,0.15009781298084562,0.02970579407038211
run_1,8.040201005025127,0.33427992973832954,0.7481634188050041,1.0,0.15009781298084562,0.02970579407038211
run_1,8.140703517587939,0.3393607939323346,0.745933102881771,1.0,0.15009781298084562,0.02970579407038211
run_1,8.241206030150753,0.34451893663061817,0.7437094356377159,1.0,0.15009781298084562,0.02970579407038211
run_1,8.341708542713569,0.34975553406343746,0.741492397247985,1.0,0.15009781298084562,0.02970579407038211
run_1,8.442211055276381,0.35507177841028237,0.7392819679476655,1.0,0.15009781298084562,0.02970579407038211
run_1,8.542713567839197,0.3604688777998766,0.7370781280317857,1.0,0.15009781298084562,0.02970579407038211
run_1,8.64321608040201,0.36594805631017574,0.7348808578553151,1.0,0.15009781298084562,0.02970579407038211
run_1,8.743718592964825,0.3715105539683692,0.7326901378331637,1.0,0.15009781298084562,0.02970579407038211
run_1,8.84422110552764,0.3771576267508791,0.7305059484401829,1.0,0.15009781298084562,0.02970579407038211
run_1,8.944723618090451,0.38289054658336036,0.7283282702111653,1.0,0.15009781298084562,0.02970579407038211
run_1,9.045226130653267,0.38871060134070123,0.7261570837408441,1.0,0.15009781298084562,0.02970579407038211
run_1,9.14572864321608,0.3946190948470222,0.7239923696838939,1.0,0.15009781298084562,0.02970579407038211
run_1,9.246231155778894,0.40061734687567757,0.72183410875493,1.0,0.15009781298084562,0.02970579407038211
run_1,9.34673366834171,0.40670669314925456,0.719682281728509,1.0,0.15009781298084562,0.02970579407038211
run_1,9.447236180904522,0.41288849064587463,0.7175368694377271,1.0,0.15009781298084562,0.02970579407038211
run_1,9.547738693467338,0.41916421560215833,0.7153978527463417,1.0,0.15009781298084562,0.02970579407038211
run_1,9.64824120603015,0.42553532866427674,0.7132652125809065,1.0,0.15009781298084562,0.02970579407038211
run_1,9.748743718592966,0.43200327968441854,0.7111389299326697,1.0,0.15009781298084562,0.02970579407038211
run_1,9.84924623115578,0.4385695407915766,0.7090189858494103,1.0,0.15009781298084562,0.02970579407038211
run_1,9.9,0.44192333502844444,0.7079508168232674,1.0,0.15009781298084562,0.02970579407038211
run_1,9.949748743718592,0.44523560639154935,0.7069053614354359,1.0,0.15009781298084562,0.02970579407038211
run_1,10.050251256281406,0.22600149740442127,0.7047980378505716,2.0,0.15009781298084562,0.02970579407038211
run_1,10.1,0.22769540914981548,0.7037572382776981,2.0,0.15009781298084562,0.02970579407038211
run_1,10.15075376884422,0.22943662605694054,0.7026969963076034,2.0,0.15009781298084562,0.02970579407038211
run_1,10.251256281407034,0.2329239681454615,0.7006022180822319,2.0,0.15009781298084562,0.02970579407038211
run_1,10.35175879396985,0.23646431481012783,0.6985136845059761,2.0,0.15009781298084562,0.02970579407038211
run_1,10.452261306532664,0.24005847035447989,0.6964313769649548,2.0,0.15009781298084562,0.02970579407038211
run_1,10.552763819095476,0.24370725224545484,0.6943552768998867,2.0,0.15009781298084562,0.02970579407038211
run_1,10.65326633165829,0.24741149111338684,0.6922853658060895,2.0,0.15009781298084562,0.02970579407038211
run_1,10.753768844221106,0.25117203075200695,0.6902216252334804,2.0,0.15009781298084562,0.02970579407038211
run_1,10.85427135678392,0.25498972811844267,0.688164036786577,2.0,0.15009781298084562,0.02970579407038211
run_1,10.954773869346734,0.2588654533332186,0.6861125821244953,2.0,0.15009781298084562,0.02970579407038211
run_1,11.055276381909549,0.26280008968025625,0.6840672429609521,2.0,0.15009781298084562,0.02970579407038211
run_1,11.15577889447236,0.26679453360687366,0.6820280010642628,2.0,0.15009781298084562,0.02970579407038211
run_1,11.256281407035175,0.270849694723786,0.6799948382573425,2.0,0.15009781298084562,0.02970579407038211
run_1,11.35678391959799,0.2749664958051051,0.6779677364177065,2.0,0.15009781298084562,0.02970579407038211
run_1,11.457286432160805,0.2791458727883398,0.675946677477469,2.0,0.15009781298084562,0.02970579407038211
run_1,11.557788944723619,0.2833887747743954,0.673931643423344,2.0,0.15009781298084562,0.02970579407038211
run_1,11.658291457286431,0.28769616402757414,0.6719226162966451,2.0,0.15009781298084562,0.02970579407038211
run_1,11.758793969849247,0.2920690437843019,0.6699195781625675,2.0,0.15009781298084562,0.02970579407038211
run_1,11.859296482412061,0.2965084303297957,0.6679225111390685,2.0,0.15009781298084562,0.02970579407038211
run_1,11.959798994974875,0.3010153127947588,0.6659313974437212,2.0,0.15009781298084562,0.02970579407038211
run_1,12.0,0.30283718978254787,0.6651366149238733,2.0,0.15009781298084562,0.02970579407038211
run_1,12.06030150753769,0.30559069915220816,0.6639462193448493,2.0,0.15009781298084562,0.02970579407038211
run_1,12.160804020100501,0.31023561647049824,0.661966959161252,2.0,0.15009781298084562,0.02970579407038211
run_1,12.261306532663315,0.31495111091332195,0.6599935992622044,2.0,0.15009781298084562,0.02970579407038211
run_1,12.361809045226131,0.31973824773970966,0.6580261220674576,2.0,0.15009781298084562,0.02970579407038211
run_1,12.462311557788945,0.3245981113040297,0.6560645100472384,2.0,0.15009781298084562,0.02970579407038211
run_1,12.56281407035176,0.3295318050559881,0.6541087457222494,2.0,0.15009781298084562,0.02970579407038211
run_1,12.663316582914572,0.3345404515406289,0.652158811663669,2.0,0.15009781298084562,0.02970579407038211
run_1,12.763819095477388,0.3396251923983345,0.6502146904931513,2.0,0.15009781298084562,0.02970579407038211
run_1,12.864321608040202,0.344787188364824,0.6482763648828266,2.0,0.15009781298084562,0.02970579407038211
run_1,12.964824120603016,0.35002761927115555,0.6463438175553008,2.0,0.15009781298084562,0.02970579407038211
run_1,13.06532663316583,0.3553476840437244,0.6444170312836551,2.0,0.15009781298084562,0.02970579407038211
run_1,13.165829145728642,0.36074860070426396,0.6424959888914478,2.0,0.15009781298084562,0.02970579407038211
run_1,13.266331658291456,0.36623160636984536,0.6405806732527115,2.0,0.15009781298084562,0.02970579407038211
run_1,13.366834170854272,0.37179795725287806,0.6386710672919557,2.0,0.15009781298084562,0.02970579407038211
run_1,13.467336683417086,0.37744892866110846,0.6367671539841653,2.0,0.15009781298084562,0.02970579407038211
run_1,13.5678391959799,0.3831858149976219,0.634868916354801,2.0,0.15009781298084562,0.02970579407038211
run_1,13.668341708542712,0.3890099297608405,0.6329763374797994,2.0,0.15009781298084562,0.02970579407038211
run_1,13.768844221105528,0.3949226055445253,0.631089400485573,2.0,0.15009781298084562,0.02970579407038211
run_1,13.869346733668342,0.4009251940377746,0.6292080885490099,2.0,0.15009781298084562,0.02970579407038211
run_1,13.969849246231156,0.4070190660250244,0.6273323848974743,2.0,0.15009781298084562,0.02970579407038211
run_1,14.0,0.40886523518997386,0.6267707649163105,2.0,0.15009781298084562,0.02970579407038211
run_1,14.07035175879397,0.4132056113860491,0.6254622728088058,2.0,0.15009781298084562,0.02970579407038211
run_1,14.170854271356783,0.41948623909596044,0.6235977356113204,2.0,0.15009781298084562,0.02970579407038211
run_1,14.271356783919597,0.4258623772252086,0.6217387566838093,2.0,0.15009781298084562,0.02970579407038211
run_1,14.371859296482413,0.4323354729395812,0.6198853194555398,2.0,0.15009781298084562,0.02970579407038211
run_1,14.472361809045227,0.43890699250020354,0.6180374074062552,2.0,0.15009781298084562,0.02970579407038211
run_1,14.57286432160804,0.4455784212635393,0.6161950040661743,2.0,0.15009781298084562,0.02970579407038211
run_1,14.673366834170853,0.4523512636813896,0.6143580930159921,2.0,0.15009781298084562,0.02970579407038211
run_1,14.773869346733669,0.45922704330089414,0.6125266578868788,2.0,0.15009781298084562,0.02970579407038211
run_1,14.874371859296483,0.4662073027645292,0.6107006823604809,2.0,0.15009781298084562,0.02970579407038211
run_1,14.974874371859297,0.47329360381011004,0.6088801501689206,2.0,0.15009781298084562,0.02970579407038211
run_1,15.075376884422111,0.4804875272707894,0.6070650450947961,2.0,0.15009781298084562,0.02970579407038211
run_1,15.175879396984925,0.48779077443093505,0.605255350928826,2.0,0.15009781298084562,0.02970579407038211
run_1,15.276381909547737,0.49520511146770346,0.6034510514965563,2.0,0.15009781298084562,0.02970579407038211
run_1,15.376884422110553,0.50273218530755,0.6016521307344863,2.0,0.15009781298084562,0.02970579407038211
run_1,15.477386934673367,0.5103736740108689,0.5998585726250824,2.0,0.15009781298084562,0.02970579407038211
run_1,15.577889447236181,0.5181312880690611,0.5980703611962257,2.0,0.15009781298084562,0.02970579407038211
run_1,15.678391959798997,0.5260067704045339,0.5962874805212128,2.0,0.15009781298084562,0.02970579407038211
run_1,15.77889447236181,0.5340018963707008,0.594509914718756,2.0,0.15009781298084562,0.02970579407038211
run_1,15.879396984924623,0.5421184737519826,0.5927376479529821,2.0,0.15009781298084562,0.02970579407038211
run_1,15.979899497487438,0.5503583427638051,0.5909706644334335,2.0,0.15009781298084562,0.02970579407038211
run_1,16.0,0.5520212757839347,0.5906179003327078,2.0,0.15009781298084562,0.02970579407038211
run_1,16.080402010050253,0.5587233760526019,0.5892089484150679,2.0,0.15009781298084562,0.02970579407038211
run_1,16.180904522613066,0.5672154786958115,0.5874524841982581,2.0,0.15009781298084562,0.02970579407038211
run_1,16.281407035175878,0.5758365882018804,0.5857012561287922,2.0,0.15009781298084562,0.02970579407038211
run_1,16.381909547738694,0.5845886745102605,0.5839552485978736,2.0,0.15009781298084562,0.02970579407038211
run_1,16.482412060301506,0.5934737399914102,0.5822144460421209,2.0,0.15009781298084562,0.02970579407038211
run_1,16.582914572864322,0.6024938194467951,0.580478832943568,2.0,0.15009781298084562,0.02970579407038211
run_1,16.683417085427138,0.6116509801088857,0.5787483938296638,2.0,0.15009781298084562,0.02970579407038211
run_1,16.78391959798995,0.6209473216411598,0.5770231132732727,2.0,0.15009781298084562,0.02970579407038211
run_1,16.884422110552762,0.6303849761381022,0.5753029758926744,2.0,0.15009781298084562,0.02970579407038211
run_1,16.984924623115578,0.6399661081252035,0.5735879663515635,2.0,0.15009781298084562,0.02970579407038211
run_1,17.085427135678394,0.6496929145589598,0.5718780693590503,2.0,0.15009781298084562,0.02970579407038211
run_1,17.185929648241206,0.659567624826875,0.5701732696696598,2.0,0.15009781298084562,0.02970579407038211
run_1,17.28643216080402,0.669592500747459,0.5684735520833328,2.0,0.15009781298084562,0.02970579407038211
run_1,17.386934673366834,0.679769836570228,0.566778901445425,2.0,0.15009781298084562,0.02970579407038211
run_1,17.48743718592965,0.6901019589757047,0.5650893026467074,2.0,0.15009781298084562,0.02970579407038211
run_1,17.587939698492463,0.7005912270754172,0.5634047406233663,2.0,0.15009781298084562,0.02970579407038211
run_1,17.68844221105528,0.711240032411902,0.5617252003570032,2.0,0.15009781298084562,0.02970579407038211
run_1,17.78894472361809,0.7220507989587001,0.5600506668746351,2.0,0.15009781298084562,0.02970579407038211
run_1,17.889447236180903,0.7330259831203599,0.5583811252486937,2.0,0.15009781298084562,0.02970579407038211
run_1,17.98994974874372,0.7441680737324367,0.5567165605970263,2.0,0.15009781298084562,0.02970579407038211
run_1,18.0,0.7452915594362463,0.5565503772938368,2.0,0.15009781298084562,0.02970579407038211
run_1,18.090452261306535,0.7554795920614911,0.5550569580828955,2.0,0.15009781298084562,0.02970579407038211
run_1,18.190954773869347,0.7669630918050894,0.5534023029149789,2.0,0.15009781298084562,0.02970579407038211
run_1,18.29145728643216,0.7786211590918071,0.5517525803473696,2.0,0.15009781298084562,0.02970579407038211
run_1,18.391959798994975,0.7904564124812234,0.5501077756795759,2.0,0.15009781298084562,0.02970579407038211
run_1,18.492462311557787,0.8024715029639254,0.5484678742565212,2.0,0.15009781298084562,0.02970579407038211
run_1,18.592964824120603,0.8146691139615055,0.5468328614685443,2.0,0.15009781298084562,0.02970579407038211
run_1,18.69346733668342,0.8270519613265642,0.5452027227513987,2.0,0.15009781298084562,0.02970579407038211
run_1,18.79396984924623,0.8396228261362627,0.5435774435828077,2.0,0.15009781298084562,0.02970579407038211
run_1,18.894472361809044,0.8523847330626428,0.541957009462176,2.0,0.15009781298084562,0.02970579407038211
run_1,18.99497487437186,0.8653406153816583,0.5403414059440939,2.0,0.15009781298084562,0.02970579407038211
run_1,19.095477386934675,0.8784934175310282,0.5387306186291988,2.0,0.15009781298084562,0.02970579407038211
run_1,19.195979899497488,0.891846131433607,0.5371246331605178,2.0,0.15009781298084562,0.02970579407038211
run_1,19.2964824120603,0.9054017964973855,0.5355234352234677,2.0,0.15009781298084562,0.02970579407038211
run_1,19.396984924623116,0.9191634996154898,0.533927010545855,2.0,0.15009781298084562,0.02970579407038211
run_1,19.49748743718593,0.9331343751661806,0.532335344897876,2.0,0.15009781298084562,0.02970579407038211
run_1,19.597989949748744,0.9473176050128532,0.5307484240921171,2.0,0.15009781298084562,0.02970579407038211
run_1,19.69849246231156,0.9617164185040407,0.5291662339835538,2.0,0.15009781298084562,0.02970579407038211
run_1,19.798994974874372,0.9763340924734086,0.5275887604695519,2.0,0.15009781298084562,0.02970579407038211
run_1,19.899497487437184,0.9911739512397603,0.526015989489867,2.0,0.15009781298084562,0.02970579407038211
run_1,20.0,1.0062393666070333,0.5244479070266441,2.0,0.15009781298084562,0.02970579407038211
run_2,0.0,0.15,0.9,1.0,0.15009781298084562,0.02970579407038211
run_2,0.10050251256281408,0.1522799345073426,0.8973170507270828,1.0,0.15009781298084562,0.02970579407038211
run_2,0.20100502512562815,0.15459452302284388,0.8946420994728352,1.0,0.15009781298084562,0.02970579407038211
run_2,0.3015075376884422,0.15694429451234299,0.8919751223892417,1.0,0.15009781298084562,0.02970579407038211
run_2,0.4020100502512563,0.1593297858052849,0.8893160956986089,1.0,0.15009781298084562,0.02970579407038211
run_2,0.5025125628140704,0.1617515363718828,0.8866649957071742,1.0,0.15009781298084562,0.02970579407038211
run_2,0.6030150753768844,0.16421009484765128,0.8840217987903181,1.0,0.15009781298084562,0.02970579407038211
run_2,0.7035175879396984,0.16670601918428746,0.8813864813922103,1.0,0.15009781298084562,0.02970579407038211
run_2,0.8040201005025126,0.1692398766496712,0.8787590200258091,1.0,0.15009781298084562,0.02970579407038211
run_2,0.9045226130653267,0.17181224382786486,0.8761393912728613,1.0,0.15009781298084562,0.02970579407038211
run_2,1.0050251256281408,0.1744237066191136,0.8735275717839023,1.0,0.15009781298084562,0.02970579407038211
run_2,1.105527638190955,0.1770748602398451,0.8709235382782565,1.0,0.15009781298084562,0.02970579407038211
run_2,1.2060301507537687,0.17976630922266965,0.868327267544037,1.0,0.15009781298084562,0.02970579407038211
run_2,1.306532663316583,0.1824986674163802,0.8657387364381451,1.0,0.15009781298084562,0.02970579407038211
run_2,1.4070351758793969,0.1852725579859525,0.8631579218862714,1.0,0.15009781298084562,0.02970579407038211
run_2,1.5075376884422111,0.18808861341254465,0.8605848008828947,1.0,0.15009781298084562,0.02970579407038211
run_2,1.6080402010050252,0.19094747549349758,0.8580193504912828,1.0,0.15009781298084562,0.02970579407038211
run_2,1.708542713567839,0.1938497953423348,0.855461547843492,1.0,0.15009781298084562,0.02970579407038211
run_2,1.8090452261306533,0.19679623338876245,0.8529113701403676,1.0,0.15009781298084562,0.02970579407038211
run_2,1.9095477386934672,0.19978745937866924,0.850368794651543,1.0,0.15009781298084562,0.02970579407038211
run_2,2.0,0.20251841751356647,0.8480869578736123,1.0,0.15009781298084562,0.02970579407038211
run_2,2.0100502512562817,0.20282415237412665,0.847833798715441,1.0,0.15009781298084562,0.02970579407038211
run_2,2.1105527638190953,0.20590700075338866,0.8453063597392725,1.0,0.15009781298084562,0.02970579407038211
run_2,2.21105527638191,0.20903670221089204,0.8427864551990374,1.0,0.15009781298084562,0.02970579407038211
run_2,2.3115577889447234,0.2122139866782391,0.8402740625978653,1.0,0.15009781298084562,0.02970579407038211
run_2,2.4120603015075375,0.21543959587092568,0.8377691595022526,1.0,0.15009781298084562,0.02970579407038211
run_2,2.5125628140703515,0.21871424790431807,0.8352717236087196,1.0,0.15009781298084562,0.02970579407038211
run_2,2.613065326633166,0.22203867459051835,0.8327817326774581,1.0,0.15009781298084562,0.02970579407038211
run_2,2.71356783919598,0.2254136216747263,0.8302991645319057,1.0,0.15009781298084562,0.02970579407038211
run_2,2.8140703517587937,0.22883984883523922,0.8278239970587457,1.0,0.15009781298084562,0.02970579407038211
run_2,2.914572864321608,0.23231812968345208,0.825356208207907,1.0,0.15009781298084562,0.02970579407038211
run_2,3.0150753768844223,0.23584925176385754,0.8228957759925645,1.0,0.15009781298084562,0.02970579407038211
run_2,3.1155778894472363,0.23943401655404573,0.8204426784891385,1.0,0.15009781298084562,0.02970579407038211
run_2,3.2160804020100504,0.24307323946470458,0.8179968938372951,1.0,0.15009781298084562,0.02970579407038211
run_2,3.316582914572864,0.2467677498396194,0.8155584002399465,1.0,0.15009781298084562,0.02970579407038211
run_2,3.417085427135678,0.2505183909556736,0.8131271759632501,1.0,0.15009781298084562,0.02970579407038211
run_2,3.5175879396984926,0.2543260200228475,0.8107031993366092,1.0,0.15009781298084562,0.02970579407038211
run_2,3.6180904522613067,0.2581915081842198,0.8082864487526726,1.0,0.15009781298084562,0.02970579407038211
run_2,3.7185929648241207,0.2621157405159663,0.8058769026673356,1.0,0.15009781298084562,0.02970579407038211
run_2,3.8190954773869343,0.2660996160273605,0.8034745395997382,1.0,0.15009781298084562,0.02970579407038211
run_2,3.9195979899497493,0.2701440476607738,0.8010793381322667,1.0,0.15009781298084562,0.02970579407038211
run_2,4.0,0.27342381576752117,0.79916831895812,1.0,0.15009781298084562,0.02970579407038211
run_2,4.020100502512563,0.27424996229167503,0.7986912769105532,1.0,0.15009781298084562,0.02970579407038211
run_2,4.1206030150753765,0.2784183007286305,0.7963103346434752,1.0,0.15009781298084562,0.02970579407038211
run_2,4.221105527638191,0.28265001771330445,0.793936490103156,1.0,0.15009781298084562,0.02970579407038211
run_2,4.321608040201005,0.2869460819204586,0.7915697221249647,1.0,0.15009781298084562,0.02970579407038211
run_2,4.42211055276382,0.29130747595795226,0.7892100096075161,1.0,0.15009781298084562,0.02970579407038211
run_2,4.522613065326634,0.29573519636674234,0.7868573315126706,1.0,0.15009781298084562,0.02970579407038211
run_2,4.623115577889447,0.30023025362088346,0.7845116668655344,1.0,0.15009781298084562,0.02970579407038211
run_2,4.723618090452261,0.3047936721275279,0.7821729947544597,1.0,0.15009781298084562,0.02970579407038211
run_2,4.824120603015075,0.3094264902269254,0.7798412943310441,1.0,0.15009781298084562,0.02970579407038211
run_2,4.92462311557789,0.31412976019242356,0.7775165448101307,1.0,0.15009781298084562,0.02970579407038211
run_2,5.025125628140703,0.3189045482304673,0.7751987254698086,1.0,0.15009781298084562,0.02970579407038211
run_2,5.125628140703517,0.32375193448059947,0.7728878156514131,1.0,0.15009781298084562,0.02970579407038211
run_2,5.226130653266332,0.3286730130154604,0.770583794759524,1.0,0.15009781298084562,0.02970579407038211
run_2,5.326633165829145,0.3336688918407881,0.7682866422619682,1.0,0.15009781298084562,0.02970579407038211
run_2,5.42713567839196,0.33874069289541797,0.7659963376898172,1.0,0.15009781298084562,0.02970579407038211
run_2,5.527638190954774,0.3438895520512836,0.763712860637389,1.0,0.15009781298084562,0.02970579407038211
run_2,5.628140703517587,0.34911661911341524,0.7614361907622468,1.0,0.15009781298084562,0.02970579407038211
run_2,5.728643216080402,0.35442306595372663,0.7591663077793983,1.0,0.15009781298084562,0.02970579407038211
run_2,5.829145728643216,0.3598102043842865,0.756903191379253,1.0,0.15009781298084562,0.02970579407038211
run_2,5.9296482412060305,0.3652792750229787,0.7546468213811164,1.0,0.15009781298084562,0.02970579407038211
run_2,6.0,0.3691570242012652,0.753071365731922,1.0,0.15009781298084562,0.02970579407038211
run_2,6.030150753768845,0.37083149360014406,0.7523971776964528,1.0,0.15009781298084562,0.02970579407038211
run_2,6.130653266331658,0.3764680996552543,0.7501542402935706,1.0,0.15009781298084562,0.02970579407038211
run_2,6.231155778894473,0.38219035653691186,0.7479179891976223,1.0,0.15009781298084562,0.02970579407038211
run_2,6.331658291457286,0.3879995514028492,0.7456884044906041,1.0,0.15009781298084562,0.02970579407038211
run_2,6.432160804020101,0.39389699521992994,0.7434654663113565,1.0,0.15009781298084562,0.02970579407038211
run_2,6.532663316582915,0.3998840227641476,0.7412491548555635,1.0,0.15009781298084562,0.02970579407038211
run_2,6.633165829145728,0.4059619926206265,0.7390394503757535,1.0,0.15009781298084562,0.02970579407038211
run_2,6.733668341708543,0.4121322871836217,0.7368363331812985,1.0,0.15009781298084562,0.02970579407038211
run_2,6.834170854271356,0.41839631265651855,0.7346397836384148,1.0,0.15009781298084562,0.02970579407038211
run_2,6.934673366834171,0.42475549905183313,0.7324497821701623,1.0,0.15009781298084562,0.02970579407038211
run_2,7.035175879396985,0.4312113001912117,0.7302663092564451,1.0,0.15009781298084562,0.02970579407038211
run_2,7.135678391959798,0.4377651937054314,0.7280893454340113,1.0,0.15009781298084562,0.02970579407038211
run_2,7.236180904522613,0.4444186810343999,0.7259188712964526,1.0,0.15009781298084562,0.02970579407038211
run_2,7.3366834170854265,0.45117328742715507,0.723754867494205,1.0,0.15009781298084562,0.02970579407038211
run_2,7.437185929648241,0.4580305619418655,0.7215973147345488,1.0,0.15009781298084562,0.02970579407038211
run_2,7.5376884422110555,0.4649920774458307,0.7194461937816071,1.0,0.15009781298084562,0.02970579407038211
run_2,7.638190954773869,0.4720594306154799,0.7173014854563483,1.0,0.15009781298084562,0.02970579407038211
run_2,7.738693467336684,0.4792342419363737,0.7151631706365837,1.0,0.15009781298084562,0.02970579407038211
run_2,7.839195979899499,0.4865181557032027,0.7130312302569692,1.0,0.15009781298084562,0.02970579407038211
run_2,7.939698492462312,0.4939128400197881,0.7109056453090047,1.0,0.15009781298084562,0.02970579407038211
run_2,8.0,0.4984035233189507,0.7096333370611639,1.0,0.15009781298084562,0.02970579407038211
run_2,8.040201005025127,0.501419986799082,0.7087863968410334,1.0,0.15009781298084562,0.02970579407038211
run_2,8.140703517587939,0.5090413117631664,0.706673465958243,1.0,0.15009781298084562,0.02970579407038211
run_2,8.241206030150753,0.5167785544432544,0.704566833822665,1.0,0.15009781298084562,0.02970579407038211
run_2,8.341708542713569,0.5246334781796896,0.7024664816531752,1.0,0.15009781298084562,0.02970579407038211
run_2,8.442211055276381,0.5326078701219455,0.7003723907254927,1.0,0.15009781298084562,0.02970579407038211
run_2,8.542713567839197,0.5407035412286271,0.6982845423721811,1.0,0.15009781298084562,0.02970579407038211
run_2,8.64321608040201,0.5489223262674692,0.6962029179826476,1.0,0.15009781298084562,0.02970579407038211
run_2,8.743718592964825,0.5572660838153374,0.6941274990031434,1.0,0.15009781298084562,0.02970579407038211
run_2,8.84422110552764,0.5657366962582276,0.6920582669367643,1.0,0.15009781298084562,0.02970579407038211
run_2,8.944723618090451,0.574336069791267,0.689995203343449,1.0,0.15009781298084562,0.02970579407038211
run_2,9.045226130653267,0.5830661344187119,0.6879382898399811,1.0,0.15009781298084562,0.02970579407038211
run_2,9.14572864321608,0.5919288439539504,0.6858875080999876,1.0,0.15009781298084562,0.02970579407038211
run_2,9.246231155778894,0.6009261760195012,0.6838428398539393,1.0,0.15009781298084562,0.02970579407038211
run_2,9.34673366834171,0.6100601320470128,0.6818042668891517,1.0,0.15009781298084562,0.02970579407038211
run_2,9.447236180904522,0.6193327888524446,0.6797717710408613,1.0,0.15009781298084562,0.02970579407038211
run_2,9.547738693467338,0.6287463771138502,0.6777453341753338,1.0,0.15009781298084562,0.02970579407038211
run_2,9.64824120603015,0.6383030473913458,0.6757249382291863,1.0,0.15009781298084562,0.02970579407038211
run_2,9.748743718592966,0.6480049746416756,0.67371056519407,1.0,0.15009781298084562,0.02970579407038211
run_2,9.84924623115578,0.657854367132406,0.6717021971152213,1.0,0.15009781298084562,0.02970579407038211
run_2,9.9,0.6628850589430907,0.6706902475115117,1.0,0.15009781298084562,0.02970579407038211
run_2,9.949748743718592,0.6678534664419271,0.6696998160914625,1.0,0.15009781298084562,0.02970579407038211
run_2,10.050251256281406,0.3390022749741536,0.6677034042742347,2.0,0.15009781298084562,0.02970579407038211
run_2,10.1,0.34154314280861087,0.666717383626257,2.0,0.15009781298084562,0.02970579407038211
run_2,10.15075376884422,0.3441549683917068,0.6657129438651227,2.0,0.15009781298084562,0.02970579407038211
run_2,10.251256281407034,0.34938598196993187,0.6637284171253126,2.0,0.15009781298084562,0.02970579407038211
run_2,10.35175879396985,0.35469650241914535,0.6617498063688753,2.0,0.15009781298084562,0.02970579407038211
run_2,10.452261306532664,0.3600877361947604,0.6597770939616076,2.0,0.15009781298084562,0.02970579407038211
run_2,10.552763819095476,0.3655609094972874,0.6578102623210321,2.0,0.15009781298084562,0.02970579407038211
run_2,10.65326633165829,0.37111726827233366,0.6558492939163975,2.0,0.15009781298084562,0.02970579407038211
run_2,10.753768844221106,0.3767580782106033,0.6538941712686781,2.0,0.15009781298084562,0.02970579407038211
run_2,10.85427135678392,0.3824846247478973,0.6519448769505743,2.0,0.15009781298084562,0.02970579407038211
run_2,10.954773869346734,0.3882982130651137,0.6500013935865123,2.0,0.15009781298084562,0.02970579407038211
run_2,11.055276381909549,0.3942001680882473,0.6480637038526444,2.0,0.15009781298084562,0.02970579407038211
run_2,11.15577889447236,0.4001918344883899,0.6461317904768487,2.0,0.15009781298084562,0.02970579407038211
run_2,11.256281407035175,0.40627457668173045,0.644205636238729,2.0,0.15009781298084562,0.02970579407038211
run_2,11.35678391959799,0.4124497788295546,0.6422852239696152,2.0,0.15009781298084562,0.02970579407038211
run_2,11.457286432160805,0.4187188448382448,0.6403705365525632,2.0,0.15009781298084562,0.02970579407038211
run_2,11.557788944723619,0.42508319835928066,0.6384615569223544,2.0,0.15009781298084562,0.02970579407038211
run_2,11.658291457286431,0.4315442827892383,0.6365582680654968,2.0,0.15009781298084562,0.02970579407038211
run_2,11.758793969849247,0.4381036026527269,0.634660652991416,2.0,0.15009781298084562,0.02970579407038211
run_2,11.859296482412061,0.4447626820814748,0.6327686947595474,2.0,0.15009781298084562,0.02970579407038211
run_2,11.959798994974875,0.45152300500843695,0.630882376523252,2.0,0.15009781298084562,0.02970579407038211
run_2,12.0,0.4542558201246562,0.6301294246630113,2.0,0.15009781298084562,0.02970579407038211
run_2,12.06030150753769,0.4583860836102815,0.6290016814839763,2.0,0.15009781298084562,0.02970579407038211
run_2,12.160804020100501,0.4653534586838884,0.6271265928909958,2.0,0.15009781298084562,0.02970579407038211
run_2,12.261306532663315,0.47242669964634965,0.6252570940414146,2.0,0.15009781298084562,0.02970579407038211
run_2,12.361809045226131,0.47960740453496875,0.6233931682801654,2.0,0.15009781298084562,0.02970579407038211
run_2,12.462311557788945,0.48689720000726044,0.6215347990000093,2.0,0.15009781298084562,0.02970579407038211
run_2,12.56281407035176,0.49429774134095156,0.6196819696415362,2.0,0.15009781298084562,0.02970579407038211
run_2,12.663316582914572,0.5018107124339808,0.6178346636931643,2.0,0.15009781298084562,0.02970579407038211
run_2,12.763819095477388,0.5094378258044987,0.6159928646911407,2.0,0.15009781298084562,0.02970579407038211
run_2,12.864321608040202,0.5171808225908664,0.6141565562195408,2.0,0.15009781298084562,0.02970579407038211
run_2,12.964824120603016,0.5250414725516578,0.612325721910269,2.0,0.15009781298084562,0.02970579407038211
run_2,13.06532663316583,0.5330215740656585,0.6105003454430579,2.0,0.15009781298084562,0.02970579407038211
run_2,13.165829145728642,0.5411229541318651,0.6086804105454687,2.0,0.15009781298084562,0.02970579407038211
run_2,13.266331658291456,0.5493474683694868,0.6068659009928913,2.0,0.15009781298084562,0.02970579407038211
run_2,13.366834170854272,0.5576970010179436,0.6050568006085443,2.0,0.15009781298084562,0.02970579407038211
run_2,13.467336683417086,0.5661734649368676,0.6032530932634749,2.0,0.15009781298084562,0.02970579407038211
run_2,13.5678391959799,0.5747788016061028,0.6014547628765584,2.0,0.15009781298084562,0.02970579407038211
run_2,13.668341708542712,0.5835149811257043,0.5996617934144993,2.0,0.15009781298084562,0.02970579407038211
run_2,13.768844221105528,0.59238400221594,0.5978741688918304,2.0,0.15009781298084562,0.02970579407038211
run_2,13.869346733668342,0.6013878922172881,0.5960918733709132,2.0,0.15009781298084562,0.02970579407038211
run_2,13.969849246231156,0.6105287070904394,0.5943148909619375,2.0,0.15009781298084562,0.02970579407038211
run_2,14.0,0.6132979627984548,0.5937828299264459,2.0,0.15009781298084562,0.02970579407038211
run_2,14.07035175879397,0.6198085314162962,0.592543205822922,2.0,0.15009781298084562,0.02970579407038211
run_2,14.170854271356783,0.6292294783959722,0.5907768021597138,2.0,0.15009781298084562,0.02970579407038211
run_2,14.271356783919597,0.6387936898507938,0.5890156642259889,2.0,0.15009781298084562,0.02970579407038211
run_2,14.371859296482413,0.6485033362222978,0.5872597763232514,2.0,0.15009781298084562,0.02970579407038211
run_2,14.472361809045227,0.6583606165722335,0.5855091228008344,2.0,0.15009781298084562,0.02970579407038211
run_2,14.57286432160804,0.6683677585825615,0.5837636880558994,2.0,0.15009781298084562,0.02970579407038211
run_2,14.673366834170853,0.6785270185554542,0.5820234565334366,2.0,0.15009781298084562,0.02970579407038211
run_2,14.773869346733669,0.6888406814132965,0.5802884127262643,2.0,0.15009781298084562,0.02970579407038211
run_2,14.874371859296483,0.6993110606986834,0.5785585411750301,2.0,0.15009781298084562,0.02970579407038211
run_2,14.974874371859297,0.7099404985744225,0.5768338264682101,2.0,0.15009781298084562,0.02970579407038211
run_2,15.075376884422111,0.7207313658644806,0.5751142532420973,2.0,0.15009781298084562,0.02970579407038211
run_2,15.175879396984925,0.7316862534697672,0.5733998061302659,2.0,0.15009781298084562,0.02970579407038211
run_2,15.276381909547737,0.7428077689557142,0.5716904698209895,2.0,0.15009781298084562,0.02970579407038211
run_2,15.376884422110553,0.7540983824270225,0.5699862290963561,2.0,0.15009781298084562,0.02970579407038211
run_2,15.477386934673367,0.7655606125190153,0.5682870687815006,2.0,0.15009781298084562,0.02970579407038211
run_2,15.577889447236181,0.7771970263976405,0.5665929737446044,2.0,0.15009781298084562,0.02970579407038211
run_2,15.678391959798997,0.7890102397594694,0.5649039288968956,2.0,0.15009781298084562,0.02970579407038211
run_2,15.77889447236181,0.8010029168316967,0.5632199191926489,2.0,0.15009781298084562,0.02970579407038211
run_2,15.879396984924623,0.8131777703721416,0.5615409296291859,2.0,0.15009781298084562,0.02970579407038211
run_2,15.979899497487438,0.8255375616692462,0.5598669452468746,2.0,0.15009781298084562,0.02970579407038211
run_2,16.0,0.8280319588694053,0.5595327476787335,2.0,0.15009781298084562,0.02970579407038211
run_2,16.080402010050253,0.8380851005420772,0.5581979511291298,2.0,0.15009781298084562,0.02970579407038211
run_2,16.180904522613066,0.8508232453403236,0.5565339324024131,2.0,0.15009781298084562,0.02970579407038211
run_2,16.281407035175878,0.8637549029442999,0.5548748742362323,2.0,0.15009781298084562,0.02970579407038211
run_2,16.381909547738694,0.876883028764944,0.5532207618431423,2.0,0.15009781298084562,0.02970579407038211
run_2,16.482412060301506,0.8902106267438147,0.5515715804787445,2.0,0.15009781298084562,0.02970579407038211
run_2,16.582914572864322,0.9037407493530996,0.5499273154416872,2.0,0.15009781298084562,0.02970579407038211
run_2,16.683417085427138,0.9174764975956055,0.5482879520736648,2.0,0.15009781298084562,0.02970579407038211
run_2,16.78391959798995,0.9314210210047645,0.5466534757594191,2.0,0.15009781298084562,0.02970579407038211
run_2,16.884422110552762,0.9455775176446333,0.5450238719267381,2.0,0.15009781298084562,0.02970579407038211
run_2,16.984924623115578,0.9599492341098915,0.5433991260464562,2.0,0.15009781298084562,0.02970579407038211
run_2,17.085427135678394,0.9745394655258426,0.5417792236324555,2.0,0.15009781298084562,0.02970579407038211
run_2,17.185929648241206,0.989351555548413,0.5401641502416634,2.0,0.15009781298084562,0.02970579407038211
run_2,17.28643216080402,1.0043888963641538,0.5385538914740552,2.0,0.15009781298084562,0.02970579407038211
run_2,17.386934673366834,1.0196549286902405,0.536948432972652,2.0,0.15009781298084562,0.02970579407038211
run_2,17.48743718592965,1.0351531417744706,0.5353477604235222,2.0,0.15009781298084562,0.02970579407038211
run_2,17.587939698492463,1.0508870733952655,0.5337518595557801,2.0,0.15009781298084562,0.02970579407038211
run_2,17.68844221105528,1.0668603098616722,0.5321607161415876,2.0,0.15009781298084562,0.02970579407038211
run_2,17.78894472361809,1.0830764860133588,0.5305743159961523,2.0,0.15009781298084562,0.02970579407038211
run_2,17.889447236180903,1.0995392852206194,0.5289926449777294,2.0,0.15009781298084562,0.02970579407038211
run_2,17.98994974874372,1.1162524393843714,0.52741568898762,2.0,0.15009781298084562,0.02970579407038211
run_2,18.0,1.1179376694495708,0.5272582521736509,2.0,0.15009781298084562,0.02970579407038211
run_2,18.090452261306535,1.1332197289361539,0.5258434339701724,2.0,0.15009781298084562,0.02970579407038211
run_2,18.190954773869347,1.1504449828381322,0.5242758659127813,2.0,0.15009781298084562,0.02970579407038211
run_2,18.29145728643216,1.1679320785830936,0.5227129708458881,2.0,0.15009781298084562,0.02970579407038211
run_2,18.391959798994975,1.1856849421944506,0.5211547348429807,2.0,0.15009781298084562,0.02970579407038211
run_2,18.492462311557787,1.203707548226239,0.5196011440205942,2.0,0.15009781298084562,0.02970579407038211
run_2,18.592964824120603,1.222003919763117,0.5180521845383097,2.0,0.15009781298084562,0.02970579407038211
run_2,18.69346733668342,1.2405781284203687,0.5165078425987554,2.0,0.15009781298084562,0.02970579407038211
run_2,18.79396984924623,1.2594343969313389,0.5149681044406833,2.0,0.15009781298084562,0.02970579407038211
run_2,18.894472361809044,1.2785772610380082,0.5134329563261487,2.0,0.15009781298084562,0.02970579407038211
run_2,18.99497487437186,1.2980110867680192,0.5119023845721251,2.0,0.15009781298084562,0.02970579407038211
run_2,19.095477386934675,1.3177402914068832,0.5103763755370408,2.0,0.15009781298084562,0.02970579407038211
run_2,19.195979899497488,1.3377693633525398,0.5088549156194949,2.0,0.15009781298084562,0.02970579407038211
run_2,19.2964824120603,1.358102862115358,0.5073379912582561,2.0,0.15009781298084562,0.02970579407038211
run_2,19.396984924623116,1.3787454183181356,0.5058255889322631,2.0,0.15009781298084562,0.02970579407038211
run_2,19.49748743718593,1.3997017336960966,0.5043176951606255,2.0,0.15009781298084562,0.02970579407038211
run_2,19.597989949748744,1.4209765810968944,0.5028142965026224,2.0,0.15009781298084562,0.02970579407038211
run_2,19.69849246231156,1.4425748044806117,0.5013153795577033,2.0,0.15009781298084562,0.02970579407038211
run_2,19.798994974874372,1.4645013189197573,0.499820930965488,2.0,0.15009781298084562,0.02970579407038211
run_2,19.899497487437184,1.4867611105992697,0.4983309374057662,2.0,0.15009781298084562,0.02970579407038211
run_2,20.0,1.5093592368165167,0.4968453855984977,2.0,0.15009781298084562,0.02970579407038211
run_3,0.0,0.08,0.97,1.0,0.15009781298084562,0.02970579407038211
run_3,0.10050251256281408,0.08121596507058271,0.9671083768947448,1.0,0.15009781298084562,0.02970579407038211
run_3,0.20100502512562815,0.08245041227885007,0.9642253738762779,1.0,0.15009781298084562,0.02970579407038211
run_3,0.3015075376884422,0.08370362373991626,0.9613509652417382,1.0,0.15009781298084562,0.02970579407038211
run_3,0.4020100502512563,0.0849758857628186,0.9584851253640562,1.0,0.15009781298084562,0.02970579407038211
run_3,0.5025125628140704,0.08626748606500416,0.9556278287066209,1.0,0.15009781298084562,0.02970579407038211
run_3,0.6030150753768844,0.08757871725208068,0.9527790498073427,1.0,0.15009781298084562,0.02970579407038211
run_3,0.7035175879396984,0.08890987689828665,0.9499387632782711,1.0,0.15009781298084562,0.02970579407038211
run_3,0.8040201005025126,0.0902612675464913,0.9471069438055942,1.0,0.15009781298084562,0.02970579407038211
run_3,0.9045226130653267,0.0916331967081946,0.9442835661496394,1.0,0.15009781298084562,0.02970579407038211
run_3,1.0050251256281408,0.09302597686352726,0.9414686051448725,1.0,0.15009781298084562,0.02970579407038211
run_3,1.105527638190955,0.09443992546125071,0.9386620356998988,1.0,0.15009781298084562,0.02970579407038211
run_3,1.2060301507537687,0.09587536491875713,0.935863832797462,1.0,0.15009781298084562,0.02970579407038211
run_3,1.306532663316583,0.09733262262206946,0.9330739714944453,1.0,0.15009781298084562,0.02970579407038211
run_3,1.4070351758793969,0.09881203092584132,0.9302924269218702,1.0,0.15009781298084562,0.02970579407038211
run_3,1.5075376884422111,0.10031392715335714,0.9275191742848976,1.0,0.15009781298084562,0.02970579407038211
run_3,1.6080402010050252,0.10183865359653205,0.9247541888628269,1.0,0.15009781298084562,0.02970579407038211
run_3,1.708542713567839,0.1033865575159119,0.9219974460090968,1.0,0.15009781298084562,0.02970579407038211
run_3,1.8090452261306533,0.10495799114067329,0.919248921151285,1.0,0.15009781298084562,0.02970579407038211
run_3,1.9095477386934672,0.10655331166862358,0.9165085897911074,1.0,0.15009781298084562,0.02970579407038211
run_3,2.0,0.10800982267390212,0.9140492768193377,1.0,0.15009781298084562,0.02970579407038211
run_3,2.0100502512562817,0.10817288126620088,0.9137764275044196,1.0,0.15009781298084562,0.02970579407038211
run_3,2.1105527638190953,0.10981706706847395,0.9110524099412157,1.0,0.15009781298084562,0.02970579407038211
run_3,2.21105527638191,0.11148624117914242,0.9083365128256291,1.0,0.15009781298084562,0.02970579407038211
run_3,2.3115577889447234,0.11318079320251635,0.9056287119095021,1.0,0.15009781298084562,0.02970579407038211
run_3,2.4120603015075375,0.11490111900585706,0.9029289830127939,1.0,0.15009781298084562,0.02970579407038211
run_3,2.5125628140703515,0.11664760136388615,0.9002373020979746,1.0,0.15009781298084562,0.02970579407038211
run_3,2.613065326633166,0.11842063037371288,0.8975536451961058,1.0,0.15009781298084562,0.02970579407038211
run_3,2.71356783919598,0.12022060358415593,0.894877988406368,1.0,0.15009781298084562,0.02970579407038211
run_3,2.8140703517587937,0.12204792599574352,0.8922103078960589,1.0,0.15009781298084562,0.02970579407038211
run_3,2.914572864321608,0.12390301006071336,0.8895505799005945,1.0,0.15009781298084562,0.02970579407038211
run_3,3.0150753768844223,0.12578627568301273,0.8868987807235085,1.0,0.15009781298084562,0.02970579407038211
run_3,3.1155778894472363,0.12769815021829833,0.8842548867364524,1.0,0.15009781298084562,0.02970579407038211
run_3,3.2160804020100504,0.12963906847393633,0.8816188743791961,1.0,0.15009781298084562,0.02970579407038211
run_3,3.316582914572864,0.13160947270900253,0.8789907201596268,1.0,0.15009781298084562,0.02970579407038211
run_3,3.417085427135678,0.13360981263428218,0.8763704006537499,1.0,0.15009781298084562,0.02970579407038211
run_3,3.5175879396984926,0.13564054541227002,0.8737578925056887,1.0,0.15009781298084562,0.02970579407038211
run_3,3.6180904522613067,0.13770213565717032,0.8711531724276844,1.0,0.15009781298084562,0.02970579407038211
run_3,3.7185929648241207,0.1397950554348968,0.868556217200096,1.0,0.15009781298084562,0.02970579407038211
run_3,3.8190954773869343,0.14191978426307267,0.8659670036714006,1.0,0.15009781298084562,0.02970579407038211
run_3,3.9195979899497493,0.14407680911103077,0.8633855087581929,1.0,0.15009781298084562,0.02970579407038211
run_3,4.0,0.14582601412420343,0.8613258547622161,1.0,0.15009781298084562,0.02970579407038211
run_3,4.020100502512563,0.1462666243998134,0.8608117094451856,1.0,0.15009781298084562,0.02970579407038211
run_3,4.1206030150753765,0.14848973200217216,0.8582455827852098,1.0,0.15009781298084562,0.02970579407038211
run_3,4.221105527638191,0.1507466412425685,0.8556871058992136,1.0,0.15009781298084562,0.02970579407038211
run_3,4.321608040201005,0.15303786889717316,0.8531362559762636,1.0,0.15009781298084562,0.02970579407038211
run_3,4.42211055276382,0.1553639391938664,0.8505930102735444,1.0,0.15009781298084562,0.02970579407038211
run_3,4.522613065326634,0.15772538381223802,0.8480573461163581,1.0,0.15009781298084562,0.02970579407038211
run_3,4.623115577889447,0.1601227418835873,0.8455292408981248,1.0,0.15009781298084562,0.02970579407038211
run_3,4.723618090452261,0.162556559990923,0.8430086720803827,1.0,0.15009781298084562,0.02970579407038211
run_3,4.824120603015075,0.1650273921689635,0.8404956171927879,1.0,0.15009781298084562,0.02970579407038211
run_3,4.92462311557789,0.1675357999041366,0.8379900538331139,1.0,0.15009781298084562,0.02970579407038211
run_3,5.025125628140703,0.17008235213457953,0.8354919596672529,1.0,0.15009781298084562,0.02970579407038211
run_3,5.125628140703517,0.17266762525013918,0.8330013124292144,1.0,0.15009781298084562,0.02970579407038211
run_3,5.226130653266332,0.1752922030923719,0.8305180899211259,1.0,0.15009781298084562,0.02970579407038211
run_3,5.326633165829145,0.17795667695454329,0.8280422700132332,1.0,0.15009781298084562,0.02970579407038211
run_3,5.42713567839196,0.18066164558162903,0.8255738306438993,1.0,0.15009781298084562,0.02970579407038211
run_3,5.527638190954774,0.18340771517031368,0.8231127498196057,1.0,0.15009781298084562,0.02970579407038211
run_3,5.628140703517587,0.18619549936899163,0.8206590056149516,1.0,0.15009781298084562,0.02970579407038211
run_3,5.728643216080402,0.18902561927776684,0.8182125761726542,1.0,0.15009781298084562,0.02970579407038211
run_3,5.829145728643216,0.19189874474622837,0.815773439645159,1.0,0.15009781298084562,0.02970579407038211
run_3,5.9296482412060305,0.19481557481822775,0.8133415742271838,1.0,0.15009781298084562,0.02970579407038211
run_3,6.0,0.19688370639954836,0.8116435831486397,1.0,0.15009781298084562,0.02970579407038211
run_3,6.030150753768845,0.1977767570475956,0.8109169582686622,1.0,0.15009781298084562,0.02970579407038211
run_3,6.130653266331658,0.20078295110356373,0.8084995701816773,1.0,0.15009781298084562,0.02970579407038211
run_3,6.231155778894473,0.20383482945981812,0.8060893884394692,1.0,0.15009781298084562,0.02970579407038211
run_3,6.331658291457286,0.20693307739449848,0.8036863915764355,1.0,0.15009781298084562,0.02970579407038211
run_3,6.432160804020101,0.21007839299019868,0.8012905581881308,1.0,0.15009781298084562,0.02970579407038211
run_3,6.532663316582915,0.21327148713396635,0.7989018669312679,1.0,0.15009781298084562,0.02970579407038211
run_3,6.633165829145728,0.21651308351730325,0.7965202965237158,1.0,0.15009781298084562,0.02970579407038211
run_3,6.733668341708543,0.219803918636165,0.7941458257445018,1.0,0.15009781298084562,0.02970579407038211
run_3,6.834170854271356,0.22314474179096105,0.7917784334338098,1.0,0.15009781298084562,0.02970579407038211
run_3,6.934673366834171,0.22653631508655514,0.7894180984929817,1.0,0.15009781298084562,0.02970579407038211
run_3,7.035175879396985,0.22997941343226466,0.7870647998845165,1.0,0.15009781298084562,0.02970579407038211
run_3,7.135678391959798,0.23347482454186103,0.7847185166320702,1.0,0.15009781298084562,0.02970579407038211
run_3,7.236180904522613,0.23702334893356988,0.7823792278204563,1.0,0.15009781298084562,0.02970579407038211
run_3,7.3366834170854265,0.24062579993007038,0.780046912595646,1.0,0.15009781298084562,0.02970579407038211
run_3,7.437185929648241,0.24428300365849587,0.7777215501647676,1.0,0.15009781298084562,0.02970579407038211
run_3,7.5376884422110555,0.2479957990504337,0.7754031197961067,1.0,0.15009781298084562,0.02970579407038211
run_3,7.638190954773869,0.2517650378419251,0.7730916008191061,1.0,0.15009781298084562,0.02970579407038211
run_3,7.738693467336684,0.2555915845734653,0.7707869726243662,1.0,0.15009781298084562,0.02970579407038211
run_3,7.839195979899499,0.2594763165900034,0.7684892146636447,1.0,0.15009781298084562,0.02970579407038211
run_3,7.939698492462312,0.2634201240409424,0.7661983064498568,1.0,0.15009781298084562,0.02970579407038211
run_3,8.0,0.26581513981615756,0.7648270409003819,1.0,0.15009781298084562,0.02970579407038211
run_3,8.040201005025127,0.26742390988013953,0.7639142275570744,1.0,0.15009781298084562,0.02970579407038211
run_3,8.140703517587939,0.2714885898659057,0.7616369576205275,1.0,0.15009781298084562,0.02970579407038211
run_3,8.241206030150753,0.2756150925610059,0.7593664763366028,1.0,0.15009781298084562,0.02970579407038211
run_3,8.341708542713569,0.2798043593326593,0.7571027634628449,1.0,0.15009781298084562,0.02970579407038211
run_3,8.442211055276381,0.2840573443525384,0.7548457988179555,1.0,0.15009781298084562,0.02970579407038211
run_3,8.542713567839197,0.28837501459677023,0.7525955622817936,1.0,0.15009781298084562,0.02970579407038211
run_3,8.64321608040201,0.2927583498459355,0.7503520337953754,1.0,0.15009781298084562,0.02970579407038211
run_3,8.743718592964825,0.29720834268506924,0.7481151933608747,1.0,0.15009781298084562,0.02970579407038211
run_3,8.84422110552764,0.3017259985036597,0.7458850210416228,1.0,0.15009781298084562,0.02970579407038211
run_3,8.944723618090451,0.30631233549564996,0.7436614969621077,1.0,0.15009781298084562,0.02970579407038211
run_3,9.045226130653267,0.3109683846594366,0.7414446013079753,1.0,0.15009781298084562,0.02970579407038211
run_3,9.14572864321608,0.3156951897978699,0.7392343143260287,1.0,0.15009781298084562,0.02970579407038211
run_3,9.246231155778894,0.3204938075182546,0.7370306163242283,1.0,0.15009781298084562,0.02970579407038211
run_3,9.34673366834171,0.3253653072323493,0.7348334876716918,1.0,0.15009781298084562,0.02970579407038211
run_3,9.447236180904522,0.33031077115636615,0.7326429087986943,1.0,0.15009781298084562,0.02970579407038211
run_3,9.547738693467338,0.3353313508104023,0.7304588601769704,1.0,0.15009781298084562,0.02970579407038211
run_3,9.64824120603015,0.3404282409670067,0.7282813223238092,1.0,0.15009781298084562,0.02970579407038211
run_3,9.748743718592966,0.34560260148858435,0.726110275830306,1.0,0.15009781298084562,0.02970579407038211
run_3,9.84924623115578,0.35085561004335014,0.7239457013452698,1.0,0.15009781298084562,0.02970579407038211
run_3,9.9,0.35353864525213097,0.7228550445501509,1.0,0.15009781298084562,0.02970579407038211
run_3,9.949748743718592,0.3561884621618309,0.7217875795752048,1.0,0.15009781298084562,0.02970579407038211
run_3,10.050251256281406,0.18080118627067773,0.7196358912832804,2.0,0.15009781298084562,0.02970579407038211
run_3,10.1,0.18215631557965337,0.7185731801404452,2.0,0.15009781298084562,0.02970579407038211
run_3,10.15075376884422,0.18354928901557452,0.7174906172867633,2.0,0.15009781298084562,0.02970579407038211
run_3,10.251256281407034,0.18633916250658053,0.7153517384671606,2.0,0.15009781298084562,0.02970579407038211
run_3,10.35175879396985,0.18917143965576985,0.7132192357629711,2.0,0.15009781298084562,0.02970579407038211
run_3,10.452261306532664,0.19204676390593328,0.711093090168442,2.0,0.15009781298084562,0.02970579407038211
run_3,10.552763819095476,0.19496578923057845,0.7089732827335703,2.0,0.15009781298084562,0.02970579407038211
run_3,10.65326633165829,0.19792918013392988,0.7068597945641016,2.0,0.15009781298084562,0.02970579407038211
run_3,10.753768844221106,0.20093761165092883,0.7047526068215304,2.0,0.15009781298084562,0.02970579407038211
run_3,10.85427135678392,0.20399176934723318,0.7026517007231007,2.0,0.15009781298084562,0.02970579407038211
run_3,10.954773869346734,0.20709234931921774,0.700557057541805,2.0,0.15009781298084562,0.02970579407038211
run_3,11.055276381909549,0.2102400581939741,0.6984686586063852,2.0,0.15009781298084562,0.02970579407038211
run_3,11.15577889447236,0.21343561312931056,0.6963864853013321,2.0,0.15009781298084562,0.02970579407038211
run_3,11.256281407035175,0.21667974181375235,0.6943105190668856,2.0,0.15009781298084562,0.02970579407038211
run_3,11.35678391959799,0.21997318246654138,0.6922407413990344,2.0,0.15009781298084562,0.02970579407038211
run_3,11.457286432160805,0.2233166838376363,0.6901771338495164,2.0,0.15009781298084562,0.02970579407038211
run_3,11.557788944723619,0.22671100520771256,0.6881196780258186,2.0,0.15009781298084562,0.02970579407038211
run_3,11.658291457286431,0.23015691638816235,0.6860683555911771,2.0,0.15009781298084562,0.02970579407038211
run_3,11.758793969849247,0.23365522009921744,0.6840231482329758,2.0,0.15009781298084562,0.02970579407038211
run_3,11.859296482412061,0.23720672948676405,0.6819840376924526,2.0,0.15009781298084562,0.02970579407038211
run_3,11.959798994974875,0.2408122357613996,0.6799510058129176,2.0,0.15009781298084562,0.02970579407038211
run_3,12.0,0.2422697374955188,0.6791394910289563,2.0,0.15009781298084562,0.02970579407038211
run_3,12.06030150753769,0.2444725452153818,0.6779240344894939,2.0,0.15009781298084562,0.02970579407038211
run_3,12.160804020100501,0.24818847942625463,0.6759031056688365,2.0,0.15009781298084562,0.02970579407038211
run_3,12.261306532663315,0.2519608752568485,0.6738882013491307,2.0,0.15009781298084562,0.02970579407038211
run_3,12.361809045226131,0.25579058485528017,0.671879303580093,2.0,0.15009781298084562,0.02970579407038211
run_3,12.462311557788945,0.2596784756549521,0.6698763944629704,2.0,0.15009781298084562,0.02970579407038211
run_3,12.56281407035176,0.26362543037455377,0.6678794561505418,2.0,0.15009781298084562,0.02970579407038211
run_3,12.663316582914572,0.26763234701806043,0.6658884708471161,2.0,0.15009781298084562,0.02970579407038211
run_3,12.763819095477388,0.271700138874734,0.6639034208085336,2.0,0.15009781298084562,0.02970579407038211
run_3,12.864321608040202,0.27582973451912224,0.6619242883421659,2.0,0.15009781298084562,0.02970579407038211
run_3,12.964824120603016,0.28002207781105953,0.6599510558069148,2.0,0.15009781298084562,0.02970579407038211
run_3,13.06532663316583,0.28427812789566653,0.6579837056132135,2.0,0.15009781298084562,0.02970579407038211
run_3,13.165829145728642,0.2885988592033499,0.6560222202230264,2.0,0.15009781298084562,0.02970579407038211
run_3,13.266331658291456,0.29298526144980286,0.6540665821498481,2.0,0.15009781298084562,0.02970579407038211
run_3,13.366834170854272,0.29743833963600486,0.6521167739587052,2.0,0.15009781298084562,0.02970579407038211
run_3,13.467336683417086,0.30195911404822146,0.6501727782661542,2.0,0.15009781298084562,0.02970579407038211
run_3,13.5678391959799,0.3065486202580046,0.6482345777402834,2.0,0.15009781298084562,0.02970579407038211
run_3,13.668341708542712,0.3112079091221926,0.6463021551007115,2.0,0.15009781298084562,0.02970579407038211
run_3,13.768844221105528,0.31593804678291004,0.6443754931185885,2.0,0.15009781298084562,0.02970579407038211
run_3,13.869346733668342,0.3207401146675676,0.6424545746165953,2.0,0.15009781298084562,0.02970579407038211
run_3,13.969849246231156,0.3256152094888624,0.6405393824689436,2.0,0.15009781298084562,0.02970579407038211
run_3,14.0,0.32709214403169223,0.639965938909795,2.0,0.15009781298084562,0.02970579407038211
run_3,14.07035175879397,0.3305644432447777,0.6386298996013763,2.0,0.15009781298084562,0.02970579407038211
run_3,14.170854271356783,0.3355889432185832,0.6367261089911669,2.0,0.15009781298084562,0.02970579407038211
run_3,14.271356783919597,0.3406898519788349,0.6348279936671203,2.0,0.15009781298084562,0.02970579407038211
run_3,14.371859296482413,0.34586832737937506,0.6329355367095721,2.0,0.15009781298084562,0.02970579407038211
run_3,14.472361809045227,0.3511255425593319,0.6310487212503889,2.0,0.15009781298084562,0.02970579407038211
run_3,14.57286432160804,0.35646268594312036,0.6291675304729684,2.0,0.15009781298084562,0.02970579407038211
run_3,14.673366834170853,0.3618809612404413,0.6272919476122389,2.0,0.15009781298084562,0.02970579407038211
run_3,14.773869346733669,0.36738158744628224,0.6254219559546601,2.0,0.15009781298084562,0.02970579407038211
run_3,14.874371859296483,0.3729657988409169,0.6235575388382224,2.0,0.15009781298084562,0.02970579407038211
run_3,14.974874371859297,0.3786348449899047,0.6216986796524472,2.0,0.15009781298084562,0.02970579407038211
run_3,15.075376884422111,0.384389990744092,0.6198453618383871,2.0,0.15009781298084562,0.02970579407038211
run_3,15.175879396984925,0.39023258312132086,0.6179975688529636,2.0,0.15009781298084562,0.02970579407038211
run_3,15.276381909547737,0.3961640484585329,0.6161552841737377,2.0,0.15009781298084562,0.02970579407038211
run_3,15.376884422110553,0.4021857061756849,0.6143184913979575,2.0,0.15009781298084562,0.02970579407038211
run_3,15.477386934673367,0.4082988981028709,0.6124871741711675,2.0,0.15009781298084562,0.02970579407038211
run_3,15.577889447236181,0.41450499206091956,0.6106613161852666,2.0,0.15009781298084562,0.02970579407038211
run_3,15.678391959798997,0.4208053818613929,0.6088409011785075,2.0,0.15009781298084562,0.02970579407038211
run_3,15.77889447236181,0.4272014873065859,0.6070259129354969,2.0,0.15009781298084562,0.02970579407038211
run_3,15.879396984924623,0.433694754189528,0.6052163352871953,2.0,0.15009781298084562,0.02970579407038211
run_3,15.979899497487438,0.4402866542939819,0.6034121521109175,2.0,0.15009781298084562,0.02970579407038211
run_3,16.0,0.4416170016481729,0.6030519613967719,2.0,0.15009781298084562,0.02970579407038211
run_3,16.080402010050253,0.44697868539444385,0.6016133473303322,2.0,0.15009781298084562,0.02970579407038211
run_3,16.180904522613066,0.4537723712561436,0.5998199049154622,2.0,0.15009781298084562,0.02970579407038211
run_3,16.281407035175878,0.4606692616350445,0.5980318088826845,2.0,0.15009781298084562,0.02970579407038211
run_3,16.381909547738694,0.46767093227784423,0.5962490432947293,2.0,0.15009781298084562,0.02970579407038211
run_3,16.482412060301506,0.47477898492197257,0.594471592260682,2.0,0.15009781298084562,0.02970579407038211
run_3,16.582914572864322,0.48199504729559456,0.5926994399359811,2.0,0.15009781298084562,0.02970579407038211
run_3,16.683417085427138,0.4893207731176077,0.5909325705224195,2.0,0.15009781298084562,0.02970579407038211
run_3,16.78391959798995,0.4967578420976434,0.5891709682681442,2.0,0.15009781298084562,0.02970579407038211
run_3,16.884422110552762,0.5043079599360665,0.5874146174676558,2.0,0.15009781298084562,0.02970579407038211
run_3,16.984924623115578,0.5119728583239761,0.5856635024618094,2.0,0.15009781298084562,0.02970579407038211
run_3,17.085427135678394,0.5197542949432045,0.5839176076378139,2.0,0.15009781298084562,0.02970579407038211
run_3,17.185929648241206,0.5276540534663169,0.582176917429232,2.0,0.15009781298084562,0.02970579407038211
run_3,17.28643216080402,0.5356739435566129,0.5804414163159811,2.0,0.15009781298084562,0.02970579407038211
run_3,17.386934673366834,0.5438158008681262,0.5787110888243316,2.0,0.15009781298084562,0.02970579407038211
run_3,17.48743718592965,0.552081487045623,0.5769859195269089,2.0,0.15009781298084562,0.02970579407038211
run_3,17.587939698492463,0.560472889724603,0.5752658930426918,2.0,0.15009781298084562,0.02970579407038211
run_3,17.68844221105528,0.5689919225313007,0.5735509940370134,2.0,0.15009781298084562,0.02970579407038211
run_3,17.78894472361809,0.577640525082683,0.5718412072215606,2.0,0.15009781298084562,0.02970579407038211
run_3,17.889447236180903,0.5864206629864511,0.5701365173543747,2.0,0.15009781298084562,0.02970579407038211
run_3,17.98994974874372,0.5953343278410402,0.5684369092398504,2.0,0.15009781298084562,0.02970579407038211
run_3,18.0,0.5962331157608326,0.5682672273411467,2.0,0.15009781298084562,0.02970579407038211
run_3,18.090452261306535,0.604383537235618,0.566742367728737,2.0,0.15009781298084562,0.02970579407038211
run_3,18.190954773869347,0.6135703347500858,0.5650528777181376,2.0,0.15009781298084562,0.02970579407038211
run_3,18.29145728643216,0.6228967899550791,0.5633684241515095,2.0,0.15009781298084562,0.02970579407038211
run_3,18.391959798994975,0.632364998411968,0.5616889920186633,2.0,0.15009781298084562,0.02970579407038211
run_3,18.492462311557787,0.6419770816728539,0.5600145663557646,2.0,0.15009781298084562,0.02970579407038211
run_3,18.592964824120603,0.6517351872805739,0.5583451322453323,2.0,0.15009781298084562,0.02970579407038211
run_3,18.69346733668342,0.6616414887686971,0.5566806748162398,2.0,0.15009781298084562,0.02970579407038211
run_3,18.79396984924623,0.6716981975453048,0.5550211792421399,2.0,0.15009781298084562,0.02970579407038211
run_3,18.894472361809044,0.6819077214929802,0.5533666307191919,2.0,0.15009781298084562,0.02970579407038211
run_3,18.99497487437186,0.6922724263625277,0.551717014495524,2.0,0.15009781298084562,0.02970579407038211
run_3,19.095477386934675,0.7027946674515849,0.5500723158686858,2.0,0.15009781298084562,0.02970579407038211
run_3,19.195979899497488,0.7134768380915282,0.5484325201794993,2.0,0.15009781298084562,0.02970579407038211
run_3,19.2964824120603,0.7243213696474731,0.5467976128120599,2.0,0.15009781298084562,0.02970579407038211
run_3,19.396984924623116,0.7353307315182741,0.545167579193736,2.0,0.15009781298084562,0.02970579407038211
run_3,19.49748743718593,0.7465074311365242,0.543542404795169,2.0,0.15009781298084562,0.02970579407038211
run_3,19.597989949748744,0.7578540139685543,0.5419220751302736,2.0,0.15009781298084562,0.02970579407038211
run_3,19.69849246231156,0.7693730635144359,0.5403065757562372,2.0,0.15009781298084562,0.02970579407038211
run_3,19.798994974874372,0.7810672013079772,0.5386958922735203,2.0,0.15009781298084562,0.02970579407038211
run_3,19.899497487437184,0.7929390869167267,0.5370900103258569,2.0,0.15009781298084562,0.02970579407038211
run_3,20.0,0.8049914179419714,0.5354889156002534,2.0,0.15009781298084562,0.02970579407038211
