step,total_updates,epoch,batch_in_epoch,samples_seen,mean_loss,per_target_loss,per_process_loss,target_names,process_names,step_dt,rebuild_count,holdout_loss,holdout_label,epoch_mean_loss,epoch_time_seconds,grad_norm,n_failed_samples,failed_processes
1,400,1,1,3,0.09188447976,0.07406731395;0.1097016456,0.07783424839;0.08290573955;0.1149134513,biomass;glyco_frac,run_3;run_1;run_2,0.002576,0,,,0.09188447976,0.002576,0.09725147898,0,
2,400,2,1,6,0.08969079377,0.0735031521;0.1058784354,0.07564540592;0.112669055;0.08075792035,biomass;glyco_frac,run_3;run_2;run_1,4.183690,0,,,0.08969079377,4.183690,0.09597246549,0,
3,400,3,1,9,0.08751591986,0.07291970899;0.1021121307,0.07348184768;0.07863175177;0.1104341601,biomass;glyco_frac,run_3;run_1;run_2,0.003048,0,,,0.08751591986,0.003048,0.09465355982,0,
4,400,4,1,12,0.08536076549,0.07231589504;0.09840563593,0.1082091425;0.07134486165;0.07652829229,biomass;glyco_frac,run_2;run_3;run_1,0.002243,0,,,0.08536076549,0.002243,0.09329826395,0,
5,400,5,1,15,0.08322615602,0.07169054323;0.09476176881,0.0744485265;0.06923567095;0.1059942706,biomass;glyco_frac,run_1;run_3;run_2,0.002926,0,,,0.08322615602,0.002926,0.09191033472,0,
6,400,6,1,18,0.08111282447,0.07104240378;0.09118324516,0.07239335528;0.06715542439;0.1037896937,biomass;glyco_frac,run_1;run_3;run_2,0.002819,0,,,0.08111282447,0.002819,0.09049378737,0,
7,400,7,1,21,0.07902140102,0.0703701384;0.08767266364,0.070363586;0.06510518693;0.1015954301,biomass;glyco_frac,run_1;run_3;run_2,0.002933,0,,,0.07902140102,0.002933,0.0890528995,0,
8,400,8,1,24,0.07695240267,0.06967231427;0.08423249107,0.06308593021;0.09941135503;0.06835992276,biomass;glyco_frac,run_3;run_2;run_1,0.002343,0,,,0.07695240267,0.002343,0.08759221547,0,
9,400,9,1,27,0.07490622284,0.06894739748;0.0808650482,0.09723718838;0.06109852342;0.06638295673,biomass;glyco_frac,run_2;run_3;run_1,0.003077,0,,,0.07490622284,0.003077,0.0861165514,0,
10,400,10,1,30,0.07288312125,0.06819374621;0.07757249629,0.05914372425;0.09507248273;0.06443315678,biomass;glyco_frac,run_3;run_2;run_1,0.002732,0,,,0.07288312125,0.002732,0.08463100114,0,
11,400,11,1,33,0.07088321401,0.06740960344;0.07435682458,0.06251086042;0.05722217042;0.09291661119,biomass;glyco_frac,run_1;run_3;run_2,0.002879,0,,,0.07088321401,0.002879,0.08314094309,0,
12,400,12,1,36,0.06890646412,0.06659308926;0.07121983899,0.06061626521;0.09076875553;0.05533437163,biomass;glyco_frac,run_1;run_2;run_3,0.002880,0,,,0.06890646412,0.002880,0.08165204842,0,
13,400,13,1,39,0.0669526727,0.06574219295;0.06816315246,0.08862789479;0.05874942093;0.05348070239,biomass;glyco_frac,run_2;run_1;run_3,0.002230,0,,,0.0669526727,0.002230,0.08017029182,0,
14,400,14,1,42,0.06502146987,0.06485476461;0.06518817513,0.05691022151;0.08649279354;0.05166139456,biomass;glyco_frac,run_1;run_2;run_3,0.001958,0,,,0.06502146987,0.001958,0.07870195591,0,
15,400,15,1,45,0.06311230725,0.06392850673;0.06229610777,0.08436199144;0.04987653169;0.05509839862,biomass;glyco_frac,run_2;run_3;run_1,0.002956,0,,,0.06311230725,0.002956,0.0772536432,0,
16,400,16,1,48,0.06122445064,0.06296096536;0.05948793592,0.05331351546;0.04812604356;0.0822337929,biomass;glyco_frac,run_1;run_3;run_2,0.001992,0,,,0.06122445064,0.001992,0.07583228325,0,
17,400,17,1,51,0.05935697395,0.06194952157;0.05676442633,0.04640970202;0.08010625792;0.05155496192,biomass;glyco_frac,run_3;run_2;run_1,0.002663,0,,,0.05935697395,0.002663,0.07444513992,0,
18,400,18,1,54,0.05750875421,0.06089138319;0.05412612522,0.07797719407;0.04472711788;0.04982195068,biomass;glyco_frac,run_2;run_3;run_1,0.002691,0,,,0.05750875421,0.002691,0.07309981356,0,
19,400,19,1,57,0.05567846772,0.05978357724;0.05157335819,0.04307773883;0.07584414976;0.04811351456,biomass;glyco_frac,run_3;run_2;run_1,0.002293,0,,,0.05567846772,0.002293,0.07180423556,0,
20,400,20,1,60,0.05386458768,0.05862294347;0.04910623189,0.04642850517;0.07370440929;0.04146084857,biomass;glyco_frac,run_1;run_2;run_3,0.002897,0,,,0.05386458768,0.002897,0.07056665133,0,
21,400,21,1,63,0.0520653835,0.05740612973;0.04672463728,0.03987556723;0.07155499018;0.0447655931,biomass;glyco_frac,run_3;run_2;run_1,0.002771,0,,,0.0520653835,0.002771,0.06939558628,0,
22,400,22,1,66,0.05027892211,0.05612958982;0.04442825439,0.04312326986;0.06939264325;0.0383208532,biomass;glyco_frac,run_1;run_2;run_3,0.003340,0,,,0.05027892211,0.003340,0.06829978819,0,
23,400,23,1,69,0.04850307168,0.05478958486;0.04221655849,0.04149985197;0.06721385649;0.03679550658,biomass;glyco_frac,run_1;run_2;run_3,0.002205,0,,,0.04850307168,0.002205,0.06728813823,0,
24,400,24,1,72,0.04673550864,0.0533821895;0.04008882778,0.06501486368;0.03989348769;0.03529817455,biomass;glyco_frac,run_2;run_1;run_3,0.002949,0,,,0.04673550864,0.002949,0.06636952161,0,
25,400,25,1,75,0.0449737286,0.05190330476;0.03804415244,0.06279165953;0.03382735919;0.0383021671,biomass;glyco_frac,run_2;run_3;run_1,0.002962,0,,,0.0449737286,0.002962,0.06555264677,0,
26,400,26,1,78,0.04321506245,0.0503486798;0.03608144509,0.06054002279;0.03238142814;0.03672373641,biomass;glyco_frac,run_2;run_3;run_1,0.002271,0,,,0.04321506245,0.002271,0.06484580076,0,
27,400,27,1,81,0.04145669888,0.04871394556;0.0341994522,0.03515591729;0.05825555071;0.03095862864,biomass;glyco_frac,run_1;run_2;run_3,0.002678,0,,,0.04145669888,0.002678,0.06425652625,0,
28,400,28,1,84,0.03969571639,0.04699466634;0.03239676645,0.03359633385;0.02955710651;0.05593370882,biomass;glyco_frac,run_1;run_3;run_2,0.002992,0,,,0.03969571639,0.002992,0.06379120123,0,
29,400,29,1,87,0.03792912561,0.04518641157;0.03067183966,0.02817493051;0.03204254765;0.05356989868,biomass;glyco_frac,run_3;run_1;run_2,0.002943,0,,,0.03792912561,0.002943,0.06345450649,0,
30,400,30,1,90,0.03615392652,0.04328485694;0.0290229961,0.02681012399;0.03049210441;0.05115955116,biomass;glyco_frac,run_3;run_1;run_2,0.002318,0,,,0.03615392652,0.002318,0.06324875834,0,
31,400,31,1,93,0.03436718446,0.04128592275;0.02744844617,0.02894259534;0.02546070592;0.04869825211,biomass;glyco_frac,run_1;run_3;run_2,0.003031,0,,,0.03436718446,0.003031,0.06317308171,0,
32,400,32,1,96,0.03256613091,0.03918596168;0.02594630014,0.04618191095;0.02739173767;0.02412474412,biomass;glyco_frac,run_2;run_1;run_3,0.002653,0,,,0.03256613091,0.002653,0.06322239244,0,
33,400,33,1,99,0.03074829667,0.03698201133;0.02451458201,0.0436069852;0.02583748033;0.02280042448,biomass;glyco_frac,run_2;run_1;run_3,0.003080,0,,,0.03074829667,0.003080,0.06338614727,0,
34,400,34,1,102,0.02891168694,0.03467213086;0.02315124303,0.02148614076;0.04097077805;0.02427814203,biomass;glyco_frac,run_3;run_2;run_1,0.002752,0,,,0.02891168694,0.002752,0.06364680655,0,
35,400,35,1,105,0.02705501123,0.03225584733;0.02185417514,0.02018061134;0.02271259169;0.03827183067,biomass;glyco_frac,run_3;run_1;run_2,0.002244,0,,,0.02705501123,0.002244,0.06397793663,0,
36,400,36,1,108,0.02517798378,0.0297347438;0.02062122377,0.0188830307;0.02114048328;0.03551043736,biomass;glyco_frac,run_3;run_1;run_2,0.002677,0,,,0.02517798378,0.002677,0.06434185838,0,
37,400,37,1,111,0.02328171501,0.02711322974;0.01945020029,0.03268931866;0.01956256077;0.01759326561,biomass;glyco_frac,run_2;run_1;run_3,0.002540,0,,,0.02328171501,0.002540,0.06468672767,0,
38,400,38,1,114,0.02136921883,0.02439954388;0.01833889377,0.02981449581;0.01798105215;0.01631210852,biomass;glyco_frac,run_2;run_1;run_3,0.002304,0,,,0.02136921883,0.002304,0.06494292225,0,
39,400,39,1,117,0.01944606547,0.02160704885;0.01728508208,0.01504160271;0.02689641842;0.01640017528,biomass;glyco_frac,run_3;run_2;run_1,0.002274,0,,,0.01944606547,0.002274,0.06501862394,0,
40,400,40,1,120,0.01752121322,0.01875588419;0.01628654226,0.01378545595;0.01482678062;0.02395140309,biomass;glyco_frac,run_3;run_1;run_2,0.002199,0,,,0.01752121322,0.002199,0.06479456203,0,
41,400,41,1,123,0.01560805118,0.01587504228;0.01534106009,0.01254955876;0.01327115499;0.02100343981,biomass;glyco_frac,run_3;run_1;run_2,0.002250,0,,,0.01560805118,0.002250,0.06411810179,0,
42,400,42,1,126,0.01372567364,0.01300490839;0.01444643889,0.01134261792;0.01174800079;0.01808640222,biomass;glyco_frac,run_3;run_1;run_2,0.003126,0,,,0.01372567364,0.003126,0.06279739669,0,
43,400,43,1,129,0.01190037001,0.01020023253;0.01360050748,0.01524663572;0.01027757602;0.01017689828,biomass;glyco_frac,run_2;run_1;run_3,0.003137,0,,,0.01190037001,0.003137,0.06059758508,0,
44,400,44,1,132,0.0101672245,0.007533321669;0.01280112734,0.01254574202;0.008886909373;0.009069022109,biomass;glyco_frac,run_2;run_1;run_3,0.002380,0,,,0.0101672245,0.002380,0.05724404485,0,
45,400,45,1,135,0.00857151676,0.005096834718;0.0120461988,0.01006302859;0.007610845827;0.008040675865,biomass;glyco_frac,run_2;run_1;run_3,0.002317,0,,,0.00857151676,0.002317,0.05244548939,0,
46,400,46,1,138,0.007169249804,0.003004832682;0.01133366693,0.00649239004;0.007896462983;0.00711889639,biomass;glyco_frac,run_1;run_2;run_3,0.003458,0,,,0.007169249804,0.003458,0.04597194259,0,
47,400,47,1,141,0.006025267433,0.001389008829;0.01066152604,0.006335180233;0.005581144212;0.006159477853,biomass;glyco_frac,run_3;run_1;run_2,0.002856,0,,,0.006025267433,0.002856,0.03789868669,0,
48,400,48,1,144,0.005206250108,0.0003846765072;0.01002782371,0.004968914903;0.005722102717;0.004927732705,biomass;glyco_frac,run_2;run_3;run_1,0.002425,0,,,0.005206250108,0.002425,0.02941718753,0,
49,400,49,1,147,0.004764339994,9.801576273e-05;0.009430664225,0.004570905997;0.004416788914;0.005305325072,biomass;glyco_frac,run_1;run_2;run_3,0.003454,0,,,0.004764339994,0.003454,0.02511448267,0,
50,400,50,1,150,0.004707835488,0.0005474597239;0.008868211251,0.005089244913;0.004514629191;0.004519632359,biomass;glyco_frac,run_3;run_1;run_2,0.002792,0,,,0.004707835488,0.002792,0.03155482435,0,
51,400,51,1,153,0.004964215298,0.001589740675;0.00833868992,0.005038801648;0.004699401964;0.005154442281,biomass;glyco_frac,run_3;run_1;run_2,0.003046,0,,,0.004964215298,0.003046,0.04580654431,0,
52,400,52,1,156,0.005363058272,0.002885728187;0.007840388357,0.004989473913;0.006028802079;0.005070898824,biomass;glyco_frac,run_1;run_2;run_3,0.002997,0,,,0.005363058272,0.002997,0.06106662957,0,
53,400,53,1,159,0.005680074872,0.003988491059;0.007371658685,0.006756530583;0.005207995678;0.005075698354,biomass;glyco_frac,run_2;run_1;run_3,0.003960,0,,,0.005680074872,0.003960,0.07270782694,0,
54,400,54,1,162,0.005737107405,0.004543297241;0.006930917569,0.004965470675;0.005215541917;0.007030309624,biomass;glyco_frac,run_3;run_1;run_2,0.003252,0,,,0.005737107405,0.003252,0.07815529936,0,
55,400,55,1,165,0.005478807558,0.004440968778;0.006516646338,0.006754411595;0.00496974421;0.004712266869,biomass;glyco_frac,run_2;run_1;run_3,0.002663,0,,,0.005478807558,0.002663,0.07692287702,0,
56,400,56,1,168,0.004967806393,0.003808222055;0.006127390731,0.006036699568;0.004345760241;0.00452095937,biomass;glyco_frac,run_2;run_3;run_1,0.002887,0,,,0.004967806393,0.002887,0.07016709826,0,
57,400,57,1,171,0.00432607433,0.002890388346;0.005761760314,0.00508748859;0.003924653849;0.003966080551,biomass;glyco_frac,run_2;run_3;run_1,0.003091,0,,,0.00432607433,0.003091,0.05983754824,0,
58,400,58,1,174,0.003676044208,0.001933660801;0.005418427615,0.003507885046;0.004117851305;0.003402396273,biomass;glyco_frac,run_3;run_2;run_1,0.002738,0,,,0.003676044208,0.002738,0.04795278718,0,
59,400,59,1,177,0.003106656876,0.001117186749;0.005096127002,0.003138010415;0.003280956082;0.00290100413,biomass;glyco_frac,run_3;run_2;run_1,0.002948,0,,,0.003106656876,0.002948,0.03622967788,0,
60,400,60,1,180,0.002663896844,0.0005341403325;0.004793653356,0.00283659372;0.002655748312;0.0024993485,biomass;glyco_frac,run_3;run_2;run_1,0.002345,0,,,0.002663896844,0.002345,0.02605648149,0,
61,400,61,1,183,0.002356612459,0.0002033643546;0.004509860564,0.002607088537;0.002257064711;0.002205684128,biomass;glyco_frac,run_3;run_2;run_1,0.002731,0,,,0.002356612459,0.002731,0.01873615291,0,
62,400,62,1,186,0.002168629558,9.359924535e-05;0.00424365987,0.002440799681;0.002056619969;0.002008469023,biomass;glyco_frac,run_3;run_2;run_1,0.002225,0,,,0.002168629558,0.002225,0.01552910063,0,
63,400,63,1,189,0.002071086947,0.0001481557833;0.00399401811,0.002322940147;0.00188596542;0.002004355272,biomass;glyco_frac,run_3;run_1;run_2,0.003256,0,,,0.002071086947,0.003256,0.01621512505,0,
64,400,64,1,192,0.002031978866,0.000304001881;0.003759955851,0.002044934091;0.002237304861;0.001813697646,biomass;glyco_frac,run_2;run_3;run_1,0.002865,0,,,0.002031978866,0.002865,0.0186851098,0,
65,400,65,1,195,0.002022156728,0.00050376798;0.003540545477,0.002169198602;0.001769172999;0.002128098584,biomass;glyco_frac,run_3;run_1;run_2,0.002292,0,,,0.002022156728,0.002292,0.02131559696,0,
66,400,66,1,198,0.002018301338,0.000701693461;0.003334909214,0.00210687411;0.002213779488;0.001734250415,biomass;glyco_frac,run_3;run_2;run_1,0.003787,0,,,0.002018301338,0.003787,0.0234774316,0,
67,400,67,1,201,0.002003809081,0.000865401016;0.003142217146,0.002041947421;0.001695881359;0.002273598463,biomass;glyco_frac,run_3;run_1;run_2,0.002638,0,,,0.002003809081,0.002638,0.02499832578,0,
68,400,68,1,204,0.001968479052,0.0009752728993;0.002961685205,0.001969227986;0.001645907986;0.002290301184,biomass;glyco_frac,run_3;run_1;run_2,0.002369,0,,,0.001968479052,0.002369,0.02586372578,0,
69,400,69,1,207,0.001907641425,0.001022709673;0.002792573178,0.001886278585;0.001580415379;0.002256230311,biomass;glyco_frac,run_3;run_1;run_2,0.002330,0,,,0.001907641425,0.002330,0.02610665721,0,
70,400,70,1,210,0.001821109829,0.001008036933;0.002634182725,0.001498936593;0.002171500233;0.001792892659,biomass;glyco_frac,run_1;run_2;run_3,0.002413,0,,,0.001821109829,0.002413,0.02576975818,0,
71,400,71,1,213,0.001712144344,0.0009384332627;0.002485855425,0.001690580016;0.002042195394;0.001403657621,biomass;glyco_frac,run_3;run_2;run_1,0.001975,0,,,0.001712144344,0.001975,0.02489419783,0,
72,400,72,1,216,0.00158648736,0.0008260038584;0.002346970861,0.001878698545;0.001582090621;0.001298672914,biomass;glyco_frac,run_2;run_3;run_1,0.003043,0,,,0.00158648736,0.003043,0.02351967843,0,
73,400,73,1,219,0.001451468062,0.0006859913792;0.002216944745,0.001189290265;0.001470973612;0.001694140309,biomass;glyco_frac,run_1;run_3;run_2,0.003185,0,,,0.001451468062,0.003185,0.0216900017,0,
74,400,74,1,222,0.001315145898,0.000535064702;0.002095227094,0.00136115626;0.001502917498;0.001081363935,biomass;glyco_frac,run_3;run_2;run_1,0.004374,0,,,0.001315145898,0.004374,0.01946274602,0,
75,400,75,1,225,0.00118546652,0.0003896325753;0.001981300464,0.0009806371863;0.001319233214;0.001256529159,biomass;glyco_frac,run_1;run_2;run_3,0.003826,0,,,0.00118546652,0.003826,0.01692408728,0,
76,400,76,1,228,0.00106942801,0.0002641777838;0.001874678236,0.0008920942281;0.00115565385;0.001160535952,biomass;glyco_frac,run_1;run_2;run_3,0.003014,0,,,0.00106942801,0.003014,0.01421311683,0,
77,400,77,1,231,0.0009722950757,0.0001696871832;0.001774902968,0.0008193525244;0.001021747211;0.001075785491,biomass;glyco_frac,run_1;run_2;run_3,0.002679,0,,,0.0009722950757,0.002679,0.01156606976,0,
78,400,78,1,234,0.0008969461465,0.0001123474853;0.001681544808,0.000922947883;0.0007641629253;0.001003727631,biomass;glyco_frac,run_2;run_1;run_3,0.002437,0,,,0.0008969461465,0.002437,0.009390543738,0,
79,400,79,1,237,0.0008434779901,9.275601236e-05;0.001594199968,0.0009444535261;0.0007261154791;0.0008598649651,biomass;glyco_frac,run_3;run_1;run_2,0.002259,0,,,0.0008434779901,0.002259,0.008281064268,0,
80,400,80,1,240,0.0008092019511,0.0001059146321;0.00151248927,0.0008966863112;0.0008282642724;0.0007026552697,biomass;glyco_frac,run_3;run_2;run_1,0.003025,0,,,0.0008092019511,0.003025,0.008605365355,0,
81,400,81,1,243,0.0007891216639,0.0001421865785;0.001436056749,0.0008198812907;0.0008580067558;0.0006894769452,biomass;glyco_frac,run_2;run_3;run_1,0.003772,0,,,0.0007891216639,0.003772,0.009958108363,0,
82,400,82,1,246,0.0007768751024,0.0001891818804;0.001364568324,0.0008253064594;0.0008240368678;0.0006812819798,biomass;glyco_frac,run_3;run_2;run_1,0.002711,0,,,0.0007768751024,0.002711,0.01161020873,0,
83,400,83,1,249,0.0007659774424,0.0002342443541;0.001297710531,0.0007953896437;0.0006727677639;0.0008297749195,biomass;glyco_frac,run_3;run_1;run_2,0.002384,0,,,0.0007659774424,0.002384,0.01304654082,0,
84,400,84,1,252,0.000751074597,0.0002669598776;0.001235189316,0.0006596188683;0.0007655824927;0.00082802243,biomass;glyco_frac,run_1;run_3;run_2,0.003992,0,,,0.000751074597,0.003992,0.01398958131,0,
85,400,85,1,255,0.0007288803174,0.0002810317371;0.001176728898,0.0008132075174;0.0006392429191;0.0007341905158,biomass;glyco_frac,run_2;run_1;run_3,0.003115,0,,,0.0007288803174,0.003115,0.0143178883,0,
86,400,86,1,258,0.0006985577561,0.0002750448388;0.001122070673,0.0007839225602;0.0007006869877;0.0006110637203,biomass;glyco_frac,run_2;run_3;run_1,0.002942,0,,,0.0006985577561,0.002942,0.01401700615,0,
87,400,87,1,261,0.0006614888167,0.0002520054365;0.001070972197,0.0005763282341;0.0006656043633;0.0007425338528,biomass;glyco_frac,run_1;run_3;run_2,0.003455,0,,,0.0006614888167,0.003455,0.01315053406,0,
88,400,88,1,264,0.0006205687337,0.0002179312635;0.001023206204,0.0005375367268;0.00063019529;0.0006939741843,biomass;glyco_frac,run_1;run_3;run_2,0.002301,0,,,0.0006205687337,0.002301,0.01183789667,0,
89,400,89,1,267,0.000579285311,0.0001800109305;0.0009785596914,0.0004977011982;0.0006441653115;0.0005959894232,biomass;glyco_frac,run_1;run_2;run_3,0.003008,0,,,0.000579285311,0.003008,0.01023610107,0,
90,400,90,1,270,0.0005408547582,0.0001448764665;0.0009368330499,0.0005643783661;0.0005985388996;0.0004596470089,biomass;glyco_frac,run_3;run_2;run_1,0.002196,0,,,0.0005408547582,0.002196,0.00852814349,0,
91,400,91,1,273,0.0005076086301,0.0001173780174;0.0008978392428,0.000536323228;0.0005609908223;0.0004255118399,biomass;glyco_frac,run_3;run_2;run_1,0.002954,0,,,0.0005076086301,0.002954,0.006922025868,0,
92,400,92,1,276,0.0004807107622,0.000100018491;0.0008614030335,0.0005334041585;0.0003965053025;0.0005122228256,biomass;glyco_frac,run_2;run_1;run_3,0.002459,0,,,0.0004807107622,0.002459,0.005656128891,0,
93,400,93,1,279,0.0004601794987,9.299874057e-05;0.0008273602569,0.0004919300186;0.0005156974915;0.0003729109861,biomass;glyco_frac,run_3;run_2;run_1,0.002437,0,,,0.0004601794987,0.002437,0.004963892603,0,
94,400,94,1,282,0.0004451269816,9.469682986e-05;0.0007955571333,0.0003542624823;0.0005062456884;0.000474872774,biomass;glyco_frac,run_1;run_2;run_3,0.002626,0,,,0.0004451269816,0.002626,0.004916599437,0,
95,400,95,1,285,0.0004341075411,0.0001023654596;0.0007658496225,0.0003396089559;0.0004602270953;0.000502486572,biomass;glyco_frac,run_1;run_3;run_2,0.002535,0,,,0.0004341075411,0.002535,0.005312373556,0,
96,400,96,1,288,0.0004254796205,0.0001128564242;0.0007381028168,0.0005015485804;0.0003277951047;0.0004470951764,biomass;glyco_frac,run_2;run_1;run_3,0.003151,0,,,0.0004254796205,0.003151,0.005858469745,0,
97,400,97,1,291,0.0004177139951,0.0001232376201;0.0007121903701,0.000434656109;0.0003177022464;0.0005007836298,biomass;glyco_frac,run_3;run_1;run_2,0.002256,0,,,0.0004177139951,0.002256,0.006350745105,0,
98,400,98,1,294,0.0004096119464,0.0001312299318;0.0006879939609,0.0004222716336;0.0003084213512;0.0004981428544,biomass;glyco_frac,run_3;run_1;run_2,0.003914,0,,,0.0004096119464,0.003914,0.006683721133,0,
99,400,99,1,297,0.0004004227379,0.0001354426866;0.0006654027892,0.000299348978;0.0004923772544;0.0004095419813,biomass;glyco_frac,run_1;run_2;run_3,0.002444,0,,,0.0004004227379,0.002444,0.006812986887,0,
100,400,100,1,300,0.000389867508,0.0001354219135;0.0006443131026,0.0002902111046;0.0004830759145;0.000396315505,biomass;glyco_frac,run_1;run_2;run_3,0.002467,0,,,0.000389867508,0.002467,0.006728948099,0,
101,400,101,1,303,0.0003780871062,0.0001315464595;0.0006246277529,0.0003826608308;0.0002810281504;0.0004705723374,biomass;glyco_frac,run_3;run_1;run_2,0.002812,0,,,0.0003780871062,0.002812,0.006443442507,0,
102,400,102,1,306,0.0003655363569,0.0001248169348;0.000606255779,0.000272038526;0.0004557579123;0.0003688126325,biomass;glyco_frac,run_1;run_2;run_3,0.002302,0,,,0.0003655363569,0.002302,0.005983569084,0,
103,400,103,1,309,0.0003528487116,0.0001165854067;0.0005891120165,0.000355102809;0.000439844015;0.0002635993107,biomass;glyco_frac,run_3;run_2;run_1,0.002696,0,,,0.0003528487116,0.002696,0.005389453725,0,
104,400,104,1,312,0.0003406945809,0.0001082724311;0.0005731167308,0.0003418884967;0.0004241130429;0.0002560822031,biomass;glyco_frac,run_3;run_2;run_1,0.002517,0,,,0.0003406945809,0.002517,0.004714664205,0,
105,400,105,1,315,0.000329654415,0.0001011135563;0.0005581952738,0.0004096948343;0.0002497811586;0.0003294872523,biomass;glyco_frac,run_2;run_1;run_3,0.002975,0,,,0.000329654415,0.002975,0.004028938469,0,
106,400,106,1,318,0.0003201238102,9.596985886e-05;0.0005442777616,0.0003973983991;0.0003181279036;0.000244845128,biomass;glyco_frac,run_2;run_3;run_1,0.003655,0,,,0.0003201238102,0.003655,0.003421724826,0,
107,400,107,1,321,0.0003122623836,9.322599441e-05;0.0005312987729,0.0003876193588;0.0003079228785;0.0002412449136,biomass;glyco_frac,run_2;run_3;run_1,0.002856,0,,,0.0003122623836,0.002856,0.002996710827,0,
108,400,108,1,324,0.0003059909178,9.27847698e-05;0.0005191970659,0.0003803310282;0.0002988643061;0.0002387774192,biomass;glyco_frac,run_2;run_3;run_1,0.002333,0,,,0.0003059909178,0.002333,0.002832191322,0,
109,400,109,1,327,0.0003010329968,9.415068026e-05;0.0005079153134,0.0002371040309;0.0002908421549;0.0003751528046,biomass;glyco_frac,run_1;run_3;run_2,0.002627,0,,,0.0003010329968,0.002627,0.002914145293,0,
110,400,110,1,330,0.0002969893909,9.657892719e-05;0.0004973998545,0.0002358136067;0.0002836787837;0.0003714757821,biomass;glyco_frac,run_1;run_3;run_2,0.003220,0,,,0.0002969893909,0.003220,0.003137069512,0,
111,400,111,1,333,0.0002934275973,9.925473241e-05;0.0004876004622,0.0002771714104;0.0003686153872;0.0002344959943,biomass;glyco_frac,run_3;run_2;run_1,0.003113,0,,,0.0002934275973,0.003113,0.003382093675,0,
112,400,112,1,336,0.0002899668517,0.0001014635783;0.0004784701251,0.0003659571707;0.0002711329512;0.0002328104331,biomass;glyco_frac,run_2;run_3;run_1,0.002897,0,,,0.0002899668517,0.002897,0.00356594801,0,
113,400,113,1,339,0.000286341364,0.0001027178839;0.000469964844,0.0003630660346;0.0002305352198;0.0002654228375,biomass;glyco_frac,run_2;run_1;run_3,0.003175,0,,,0.000286341364,0.003175,0.003643754027,0,
114,400,114,1,342,0.0002824309582,0.0001028184759;0.0004620434404,0.000359740187;0.0002599625046;0.0002275901829,biomass;glyco_frac,run_2;run_3;run_1,0.002184,0,,,0.0002824309582,0.002184,0.003599285583,0,
115,400,115,1,345,0.0002782568802,0.0001018463829;0.0004546673776,0.0002240303761;0.0003560058614;0.0002547344033,biomass;glyco_frac,run_1;run_2;run_3,0.002490,0,,,0.0002782568802,0.002490,0.003436737251,0,
116,400,116,1,348,0.0002739488182,0.000100097043;0.0004478005933,0.0003520630699;0.0002200159999;0.0002497673847,biomass;glyco_frac,run_2;run_1;run_3,0.003100,0,,,0.0002739488182,0.003100,0.003175230415,0,
117,400,117,1,351,0.000269694923,9.798050344e-05;0.0004414093425,0.0002157681468;0.0002451140932;0.0003482025289,biomass;glyco_frac,run_1;run_3;run_2,0.002075,0,,,0.000269694923,0.002075,0.002845209,0,
118,400,118,1,354,0.00026568861,9.59151695e-05;0.0004354620506,0.0003447173067;0.0002115215655;0.0002408269578,biomass;glyco_frac,run_2;run_1;run_3,0.002220,0,,,0.00026568861,0.002220,0.00248618794,0,
119,400,119,1,357,0.0002620842241,9.423927278e-05;0.0004299291755,0.0002074843135;0.0002369385429;0.000341829816,biomass;glyco_frac,run_1;run_3;run_2,0.002393,0,,,0.0002620842241,0.002393,0.002145182329,0,
120,400,120,1,360,0.00025896939,9.315570068e-05;0.0004247830793,0.0002334499493;0.0003396474321;0.0002038107886,biomass;glyco_frac,run_3;run_2;run_1,0.002049,0,,,0.00025896939,0.002049,0.001873118899,0,
121,400,121,1,363,0.00025635665,9.271539293e-05;0.000419997907,0.0002005904784;0.0002303284265;0.000338151045,biomass;glyco_frac,run_1;run_3;run_2,0.002245,0,,,0.00025635665,0.002245,0.001712468701,0,
122,400,122,1,366,0.0002541923022,9.283513086e-05;0.0004155494736,0.0002275130946;0.0001978510111;0.0003372128009,biomass;glyco_frac,run_3;run_1;run_2,0.003492,0,,,0.0002541923022,0.003492,0.001673977284,0,
123,400,123,1,369,0.0002523771698,9.333918126e-05;0.0004114151584,0.0001955715098;0.0002249261491;0.0003366338505,biomass;glyco_frac,run_1;run_3;run_2,0.004111,0,,,0.0002523771698,0.004111,0.0017257141,0,
124,400,124,1,372,0.000250792696,9.401158653e-05;0.0004075738055,0.0001937011275;0.0003361906614;0.0002224862992,biomass;glyco_frac,run_1;run_2;run_3,0.002573,0,,,0.000250792696,0.002573,0.001814872782,0,
125,400,125,1,375,0.0002493260902,9.464654923e-05;0.0004040056312,0.0003356790657;0.0002201213766;0.0001921778283,biomass;glyco_frac,run_2;run_3;run_1,0.002213,0,,,0.0002493260902,0.002213,0.001895615513,0,
126,400,126,1,378,0.0002478897439,9.508735104e-05;0.0004006921368,0.0001909435989;0.000217777803;0.0003349478298,biomass;glyco_frac,run_1;run_3;run_2,0.002980,0,,,0.0002478897439,0.002980,0.001938939192,0,
127,400,127,1,381,0.0002464322138,9.524840052e-05;0.000397616027,0.0002154256321;0.0001899538669;0.0003339171423,biomass;glyco_frac,run_3;run_1;run_2,0.002342,0,,,0.0002464322138,0.002342,0.001930879717,0,
128,400,128,1,384,0.0002449402015,9.511926904e-05;0.000394761134,0.0003325811168;0.0001891805518;0.0002130589359,biomass;glyco_frac,run_2;run_1;run_3,0.002426,0,,,0.0002449402015,0.002426,0.001868578908,0,
129,400,129,1,387,0.0002434327607,9.475317623e-05;0.0003921123452,0.0003309965219;0.0001886095728;0.0002106921875,biomass;glyco_frac,run_2;run_1;run_3,0.002930,0,,,0.0002434327607,0.002930,0.001757277783,0,
130,400,130,1,390,0.0002419501989,9.424486105e-05;0.0003896555368,0.0001882346025;0.0003292620924;0.0002083539019,biomass;glyco_frac,run_1;run_2;run_3,0.002100,0,,,0.0002419501989,0.002100,0.001608423497,0,
131,400,131,1,393,0.0002405407223,9.370393391e-05;0.0003873775107,0.0001880493094;0.0003274937787;0.0002060790789,biomass;glyco_frac,run_1;run_2;run_3,0.002456,0,,,0.0002405407223,0.002456,0.001438550041,0,
132,400,132,1,396,0.0002392478102,9.322968469e-05;0.0003852659357,0.000325801184;0.0001880402852;0.0002039019613,biomass;glyco_frac,run_2;run_1;run_3,0.002600,0,,,0.0002392478102,0.002600,0.001268476984,0,
133,400,133,1,399,0.0002381007113,9.28921304e-05;0.0003833092923,0.0002018503335;0.0001881823898;0.0003242694106,biomass;glyco_frac,run_3;run_1;run_2,0.002231,0,,,0.0002381007113,0.002231,0.001121801622,0,
134,400,134,1,402,0.000237109493,9.272216495e-05;0.0003814968211,0.0001884374997;0.0003229488726;0.0001999421068,biomass;glyco_frac,run_1;run_2;run_3,0.002135,0,,,0.000237109493,0.002135,0.001020425299,0,
135,400,135,1,405,0.0002362649608,9.271144712e-05;0.0003798184745,0.0003218537018;0.000198184396;0.0001887567846,biomass;glyco_frac,run_2;run_3;run_1,0.002183,0,,,0.0002362649608,0.002183,0.0009754925485,0,
136,400,136,1,408,0.0002355427268,9.28205828e-05;0.0003782648708,0.0001890858374;0.0001965747732;0.0003209675699,biomass;glyco_frac,run_1;run_3;run_2,0.002628,0,,,0.0002355427268,0.002628,0.0009796070812,0,
137,400,137,1,411,0.0002349099374,9.299262242e-05;0.0003768272524,0.0003202544053;0.0001951040021;0.0001893714048,biomass;glyco_frac,run_2;run_3;run_1,0.002862,0,,,0.0002349099374,0.002862,0.00101085146,0,
138,400,138,1,414,0.000234332809,9.316817273e-05;0.0003754974452,0.0001895682113;0.0003196708464;0.0001937593692,biomass;glyco_frac,run_1;run_2;run_3,0.003868,0,,,0.000234332809,0.003868,0.001045127474,0,
139,400,139,1,417,0.0002337832071,9.329859238e-05;0.0003742678217,0.0003191773951;0.0001925277569;0.0001896444692,biomass;glyco_frac,run_2;run_3;run_1,0.002530,0,,,0.0002337832071,0.002530,0.001064504684,0,
140,400,140,1,420,0.0002332429688,9.335467181e-05;0.0003731312659,0.0001913978183;0.0003187460197;0.0001895850685,biomass;glyco_frac,run_3;run_2;run_1,0.002608,0,,,0.0002332429688,0.002608,0.001058994716,0,
141,400,141,1,423,0.0002327053664,9.332959278e-05;0.0003720811401,0.0003183631353;0.0001903609425;0.0001893920215,biomass;glyco_frac,run_2;run_3;run_1,0.002160,0,,,0.0002327053664,0.002160,0.001025440148,0,
142,400,142,1,426,0.0002321738455,9.323643633e-05;0.0003711112546,0.0001894110466;0.000189082343;0.0003180281468,biomass;glyco_frac,run_3;run_1;run_2,0.002750,0,,,0.0002321738455,0.002750,0.0009659881016,0,
143,400,143,1,429,0.0002316587704,9.310170201e-05;0.0003702158388,0.000188543515;0.0003177487548;0.0001886840415,biomass;glyco_frac,run_3;run_2;run_1,0.002358,0,,,0.0002316587704,0.002358,0.0008868391868,0,
144,400,144,1,432,0.0002311732416,9.295696955e-05;0.0003693895137,0.0003175347905;0.0001882311702;0.0001877537643,biomass;glyco_frac,run_2;run_1;run_3,0.002610,0,,,0.0002311732416,0.002610,0.0007972908542,0,
145,400,145,1,435,0.000230729083,9.283089886e-05;0.000368627267,0.0003173924025;0.0001877589201;0.0001870359262,biomass;glyco_frac,run_2;run_1;run_3,0.002181,0,,,0.000230729083,0.002181,0.0007088500234,0,
146,400,146,1,438,0.0002303338689,9.274330858e-05;0.0003679244293,0.0001863820304;0.0001872995531;0.0003173200234,biomass;glyco_frac,run_3;run_1;run_2,0.002830,0,,,0.0002303338689,0.002830,0.0006338461029,0,
147,400,147,1,441,0.0002299894734,9.270229534e-05;0.0003672766515,0.0003173068814;0.0001868796559;0.0001857818829,biomass;glyco_frac,run_2;run_1;run_3,0.002134,0,,,0.0002299894734,0.002134,0.0005825856322,0,
148,400,148,1,444,0.0002296921903,9.270449636e-05;0.0003666798843,0.0003173340925;0.0001865188436;0.0001852236349,biomass;glyco_frac,run_2;run_1;run_3,0.002025,0,,,0.0002296921903,0.002025,0.0005590218928,0,
149,400,149,1,447,0.000229434115,9.273787152e-05;0.0003661303585,0.0003173777513;0.0001862297305;0.0001846948632,biomass;glyco_frac,run_2;run_1;run_3,0.001928,0,,,0.000229434115,0.001928,0.0005582118843,0,
150,400,150,1,450,0.000229205248,9.278592935e-05;0.0003656245666,0.0003174130684;0.0001860187896;0.0001841838859,biomass;glyco_frac,run_2;run_1;run_3,0.003099,0,,,0.000229205248,0.003099,0.0005691454463,0,
151,400,151,1,453,0.0002289957197,9.283219376e-05;0.0003651592456,0.0003174185029;0.0001858876445;0.0001836810116,biomass;glyco_frac,run_2;run_1;run_3,0.003638,0,,,0.0002289957197,0.003638,0.0005803502604,0,
152,400,152,1,456,0.0002287976165,9.2863872e-05;0.000364731361,0.0003173789954;0.0001831794704;0.0001858343837,biomass;glyco_frac,run_2;run_3;run_1,0.002262,0,,,0.0002287976165,0.002262,0.0005834439175,0,
153,400,153,1,459,0.0002286060696,9.287404739e-05;0.0003643380919,0.0003172877322;0.0001858546081;0.0001826758687,biomass;glyco_frac,run_2;run_1;run_3,0.002310,0,,,0.0002286060696,0.002310,0.0005739055774,0,
154,400,154,1,462,0.0002284194916,9.286216686e-05;0.0003639768163,0.000185942082;0.0001821701273;0.0003171462654,biomass;glyco_frac,run_1;run_3;run_2,0.002733,0,,,0.0002284194916,0.002733,0.0005505903376,0,
155,400,155,1,465,0.000228239055,9.283301172e-05;0.0003636450984,0.000186089013;0.000316963185;0.0001816649671,biomass;glyco_frac,run_1;run_2;run_3,0.002356,0,,,0.000228239055,0.002356,0.0005150252183,0,
156,400,156,1,468,0.0002280676602,9.279464447e-05;0.0003633406758,0.000316751804;0.0001862860931;0.0001811650834,biomass;glyco_frac,run_2;run_1;run_3,0.002447,0,,,0.0002280676602,0.002447,0.0004708076114,0,
157,400,157,1,471,0.000227908709,9.275596945e-05;0.0003630614485,0.0001806761902;0.0001865224896;0.000316527447,biomass;glyco_frac,run_3;run_1;run_2,0.003162,0,,,0.000227908709,0.003162,0.000423106487,0,
158,400,158,1,474,0.000227764996,9.272452496e-05;0.000362805467,0.0003163049167;0.0001802041067;0.0001867859645,biomass;glyco_frac,run_2;run_3;run_1,0.004185,0,,,0.000227764996,0.004185,0.0003780990504,0,
159,400,159,1,477,0.0002276379469,9.270497054e-05;0.0003625709232,0.0001870632406;0.0001797540245;0.0003160965755,biomass;glyco_frac,run_1;run_3;run_2,0.003085,0,,,0.0002276379469,0.003085,0.0003419730466,0,
160,400,160,1,480,0.0002275273196,9.269849907e-05;0.0003623561401,0.0003159112772;0.0001873406519;0.0001793300296,biomass;glyco_frac,run_2;run_1;run_3,0.002950,0,,,0.0002275273196,0.002950,0.0003190999185,0,
161,400,161,1,483,0.0002274313589,9.270315464e-05;0.0003621595631,0.0003157541611;0.0001789348946;0.000187605021,biomass;glyco_frac,run_2;run_3;run_1,0.002414,0,,,0.0002274313589,0.002414,0.0003099197342,0,
162,400,162,1,486,0.0002273472914,9.271483085e-05;0.000361979752,0.0001785700978;0.0003156271368;0.0001878446396,biomass;glyco_frac,run_3;run_2;run_1,0.003426,0,,,0.0002273472914,0.003426,0.0003105387982,0,
163,400,163,1,489,0.0002272719875,9.272860256e-05;0.0003618153725,0.000178235994;0.0001880501921;0.0003155297764,biomass;glyco_frac,run_3;run_1;run_2,0.002322,0,,,0.0002272719875,0.002322,0.0003148959113,0,
164,400,164,1,492,0.0002272026057,9.274002213e-05;0.0003616651893,0.0003154603008;0.0001882154654;0.000177932051,biomass;glyco_frac,run_2;run_1;run_3,0.002176,0,,,0.0002272026057,0.002176,0.0003174411396,0,
165,400,165,1,495,0.0002271370696,9.274607971e-05;0.0003615280594,0.0001776570774;0.0001883377302;0.0003154164011,biomass;glyco_frac,run_3;run_1;run_2,0.002647,0,,,0.0002271370696,0.002647,0.0003144917456,0,
166,400,166,1,498,0.0002270742909,9.27456563e-05;0.0003614029254,0.0001774093948;0.0001884177414;0.0003153957364,biomass;glyco_frac,run_3;run_1;run_2,0.003588,0,,,0.0002270742909,0.003588,0.0003044007763,0,
167,400,167,1,501,0.0002270141287,9.273944792e-05;0.0003612888095,0.0001771869382;0.0001884593738;0.0003153960742,biomass;glyco_frac,run_3;run_1;run_2,0.001802,0,,,0.0002270141287,0.001802,0.0002872599373,0,
168,400,168,1,504,0.0002269571388,9.272946941e-05;0.0003611848082,0.0001769873008;0.0001884689697;0.000315415146,biomass;glyco_frac,run_3;run_1;run_2,0.002801,0,,,0.0002269571388,0.002801,0.00026453449,0,
169,400,169,1,507,0.0002269042082,9.271832956e-05;0.0003610900868,0.0003154503579;0.0001884545128;0.0001768077538,biomass;glyco_frac,run_2;run_1;run_3,0.002513,0,,,0.0002269042082,0.002513,0.0002387370266,0,
170,400,170,1,510,0.0002268561831,9.270849163e-05;0.0003610038746,0.0003154985163;0.0001766452785;0.0001884247545,biomass;glyco_frac,run_2;run_3;run_1,0.004062,0,,,0.0002268561831,0.004062,0.0002131044653,0,
171,400,171,1,513,0.0002268135803,9.27017002e-05;0.0003609254604,0.0001764966401;0.0003155556969;0.0001883884038,biomass;glyco_frac,run_3;run_2;run_1,0.003348,0,,,0.0002268135803,0.003348,0.0001911258258,0,
172,400,172,1,516,0.000226776436,9.269868379e-05;0.0003608541882,0.0001883534622;0.0003156173306;0.0001763585152,biomass;glyco_frac,run_1;run_2;run_3,0.002968,0,,,0.000226776436,0.002968,0.0001756808294,0,
173,400,173,1,519,0.000226744305,9.269915682e-05;0.0003607894532,0.0003156785035;0.0001883267447;0.0001762276669,biomass;glyco_frac,run_2;run_1;run_3,0.002281,0,,,0.000226744305,0.002281,0.0001678333511,0,
174,400,174,1,522,0.000226716383,9.27020678e-05;0.0003607306983,0.0001883135919;0.0003157344111;0.0001761011461,biomass;glyco_frac,run_1;run_2;run_3,0.003364,0,,,0.000226716383,0.003364,0.0001661686733,0,
175,400,175,1,525,0.0002266917001,9.270599005e-05;0.0003606774101,0.0001759764863;0.0001883177482;0.0003157808657,biomass;glyco_frac,run_3;run_1;run_2,0.004405,0,,,0.0002266917001,0.004405,0.0001675823742,0,
176,400,176,1,528,0.0002266693256,9.270953478e-05;0.0003606291163,0.0001883413675;0.0001758518596;0.0003158147496,biomass;glyco_frac,run_1;run_3;run_2,0.002932,0,,,0.0002266693256,0.002932,0.0001688310529,0,
177,400,177,1,531,0.0002266485322,9.271168195e-05;0.0003605853824,0.0003158343211;0.0001757261695;0.000188385106,biomass;glyco_frac,run_2;run_3;run_1,0.002225,0,,,0.0002266485322,0.002225,0.0001675585626,0,
178,400,178,1,534,0.0002266288856,9.271196232e-05;0.0003605458089,0.0001884482668;0.0003158393242;0.0001755990658,biomass;glyco_frac,run_1;run_2;run_3,0.002912,0,,,0.0002266288856,0.002912,0.000162555071,0,
179,400,179,1,537,0.0002266102505,9.271047227e-05;0.0003605100286,0.0003158308916;0.0001885289764;0.0001754708833,biomass;glyco_frac,run_2;run_1;run_3,0.002568,0,,,0.0002266102505,0.002568,0.0001536383069,0,
180,400,180,1,540,0.0002265927257,9.270774682e-05;0.0003604777045,0.0003158112783;0.0001886243823;0.0001753425164,biomass;glyco_frac,run_2;run_1;run_3,0.002479,0,,,0.0002265927257,0.002479,0.0001414510638,0,
181,400,181,1,543,0.000226576537,9.270454683e-05;0.0003604485272,0.000175215254;0.0001887308719;0.0003157834851,biomass;glyco_frac,run_3;run_1;run_2,0.002643,0,,,0.000226576537,0.002643,0.0001272757886,0,
182,400,182,1,546,0.0002265619203,9.27016279e-05;0.0003604222128,0.0001750905973;0.000315750849;0.0001888443147,biomass;glyco_frac,run_3;run_2;run_1,0.002656,0,,,0.0002265619203,0.002656,0.0001128643614,0,
183,400,183,1,549,0.0002265490263,9.269955134e-05;0.0003603985013,0.0001889603274;0.0003157166649;0.0001749700867,biomass;glyco_frac,run_1;run_2;run_3,0.002958,0,,,0.0002265490263,0.002958,0.0001002061759,0,
184,400,184,1,552,0.0002265378658,9.26985771e-05;0.0003603771544,0.0003156838892;0.0001890745537;0.0001748551543,biomass;glyco_frac,run_2;run_1;run_3,0.002480,0,,,0.0002265378658,0.002480,9.107655327e-05,0,
185,400,185,1,555,0.0002265283026,9.269865113e-05;0.000360357954,0.0003156549484;0.0001747470143;0.000189182945,biomass;glyco_frac,run_2;run_3;run_1,0.002656,0,,,0.0002265283026,0.002656,8.630358212e-05,0,
186,400,186,1,558,0.0002265200873,9.269947403e-05;0.0003603407005,0.0001746465914;0.00018928202;0.0003156316505,biomass;glyco_frac,run_3;run_1;run_2,0.002282,0,,,0.0002265200873,0.002282,8.523007124e-05,0,
187,400,187,1,561,0.0002265129156,9.270061965e-05;0.0003603252116,0.0001745544866;0.0001893690798;0.0003156151804,biomass;glyco_frac,run_3;run_1;run_2,0.002552,0,,,0.0002265129156,0.002552,8.607699047e-05,0,
188,400,188,1,564,0.0002265064928,9.270166505e-05;0.0003603113205,0.0003156061492;0.0001744709713;0.0001894423578,biomass;glyco_frac,run_2;run_3;run_1,0.002956,0,,,0.0002265064928,0.002956,8.690929829e-05,0,
189,400,189,1,567,0.0002265005859,9.270229672e-05;0.0003602988751,0.0001743960016;0.0001895010885;0.0003156046677,biomass;glyco_frac,run_3;run_1;run_2,0.003021,0,,,0.0002265005859,0.003021,8.631220566e-05,0,
190,400,190,1,570,0.0002264950536,9.270237038e-05;0.0003602877367,0.0001743292473;0.0001895454914;0.000315610422,biomass;glyco_frac,run_3;run_1;run_2,0.003001,0,,,0.0002264950536,0.003001,8.3560162e-05,0,
191,400,191,1,573,0.0002264898478,9.270191687e-05;0.0003602777788,0.0001742701284;0.00031562274;0.000189576675,biomass;glyco_frac,run_3;run_2;run_1,0.003116,0,,,0.0002264898478,0.003116,7.85385029e-05,0,
192,400,192,1,576,0.0002264849941,9.270110228e-05;0.000360268886,0.0001742178593;0.0003156406478;0.0001895964753,biomass;glyco_frac,run_3;run_2;run_1,0.002386,0,,,0.0002264849941,0.002386,7.161737172e-05,0,
193,400,193,1,579,0.0002264805569,9.270016032e-05;0.0003602609536,0.0003156629235;0.0001741714975;0.0001896072499,biomass;glyco_frac,run_2;run_3;run_1,0.003585,0,,,0.0002264805569,0.003585,6.35443763e-05,0,
194,400,194,1,582,0.0002264766027,9.269931935e-05;0.0003602538861,0.0001741299982;0.0001896116521;0.0003156881578,biomass;glyco_frac,run_3;run_1;run_2,0.002827,0,,,0.0002264766027,0.002827,5.535768927e-05,0,
195,400,195,1,585,0.0002264731703,9.269874382e-05;0.0003602475968,0.0003157148295;0.0001740922747;0.0001896124068,biomass;glyco_frac,run_2;run_3;run_1,0.002484,0,,,0.0002264731703,0.002484,4.827076869e-05,0,
196,400,196,1,588,0.0002264702549,9.26985027e-05;0.0003602420071,0.0001896121088;0.0001740572595;0.0003157413965,biomass;glyco_frac,run_1;run_3;run_2,0.002372,0,,,0.0002264702549,0.002372,4.339896679e-05,0,
197,400,197,1,591,0.000226467807,9.269856836e-05;0.0003602370456,0.0003157664001;0.0001896130553;0.0001740239656,biomass;glyco_frac,run_2;run_1;run_3,0.002336,0,,,0.000226467807,0.002336,4.123367343e-05,0,
198,400,198,1,594,0.0002264657443,9.269884092e-05;0.0003602326476,0.000315788569;0.0001739915422;0.0001896171216,biomass;glyco_frac,run_2;run_3;run_1,0.003153,0,,,0.0002264657443,0.003153,4.124435435e-05,0,
199,400,199,1,597,0.0002264639708,9.269918707e-05;0.0003602287544,0.0001896256812;0.0003158069129;0.0001739593182,biomass;glyco_frac,run_1;run_2;run_3,0.002424,0,,,0.0002264639708,0.002424,4.221113611e-05,0,
200,400,200,1,600,0.000226462397,9.269948079e-05;0.0003602253132,0.0001896395694;0.0003158207901;0.0001739268314,biomass;glyco_frac,run_1;run_2;run_3,0.003570,0,,,0.000226462397,0.003570,4.293948086e-05,0,
201,400,201,1,603,0.0002264609554,9.269963497e-05;0.0003602222758,0.0001738938399;0.0001896590855;0.0003158299408,biomass;glyco_frac,run_3;run_1;run_2,0.002797,0,,,0.0002264609554,0.002797,4.264460973e-05,0,
202,400,202,1,606,0.0002264596082,9.269961714e-05;0.0003602195992,0.0003158344819;0.0001896840285;0.000173860314,biomass;glyco_frac,run_2;run_1;run_3,0.002420,0,,,0.0002264596082,0.002420,4.097935119e-05,0,
203,400,203,1,609,0.0002264583461,9.2699448e-05;0.0003602172442,0.0001738264127;0.0001897137596;0.0003158348659,biomass;glyco_frac,run_3;run_1;run_2,0.002891,0,,,0.0002264583461,0.002891,3.794686351e-05,0,
204,400,204,1,612,0.0002264571809,9.269918622e-05;0.0003602151756,0.0001897472867;0.0003158318103;0.0001737924457,biomass;glyco_frac,run_1;run_2;run_3,0.002513,0,,,0.0002264571809,0.002513,3.381629537e-05,0,
205,400,205,1,615,0.0002264561338,9.269890582e-05;0.0003602133619,0.0001737588275;0.0001897833637;0.0003158262103,biomass;glyco_frac,run_3;run_1;run_2,0.002914,0,,,0.0002264561338,0.002914,2.90675323e-05,0,
206,400,206,1,618,0.000226455224,9.269867358e-05;0.0003602117744,0.0001737260283;0.0001898205985;0.0003158190452,biomass;glyco_frac,run_3;run_1;run_2,0.002875,0,,,0.000226455224,0.002875,2.436418641e-05,0,
207,400,207,1,621,0.00022645446,9.269853234e-05;0.0003602103878,0.0003158112904;0.000173694526;0.0001898575637,biomass;glyco_frac,run_2;run_3;run_1,0.002713,0,,,0.00022645446,0.002713,2.051962844e-05,0,
208,400,208,1,624,0.0002264538363,9.269849375e-05;0.0003602091789,0.0001898929021;0.0001736647644;0.0003158038424,biomass;glyco_frac,run_1;run_3;run_2,0.002911,0,,,0.0002264538363,0.002911,1.830412976e-05,0,
209,400,209,1,627,0.0002264533339,9.269854063e-05;0.0003602081272,0.0003157974624;0.0001899254211;0.0001736371182,biomass;glyco_frac,run_2;run_1;run_3,0.002684,0,,,0.0002264533339,0.002684,1.79311743e-05,0,
210,400,210,1,630,0.0002264529255,9.269863674e-05;0.0003602072143,0.0001736118692;0.0001899541684;0.0003157927389,biomass;glyco_frac,run_3;run_1;run_2,0.002824,0,,,0.0002264529255,0.002824,1.87622731e-05,0,
211,400,211,1,633,0.0002264525818,9.269873989e-05;0.0003602064238,0.0003157900691;0.0001899784856;0.0001735891908,biomass;glyco_frac,run_2;run_1;run_3,0.003077,0,,,0.0002264525818,0.003077,1.983948968e-05,0,
212,400,212,1,636,0.0002264522776,9.269881439e-05;0.0003602057409,0.0001735691428;0.0003157896549;0.0001899980352,biomass;glyco_frac,run_3;run_2;run_1,0.002188,0,,,0.0002264522776,0.002188,2.045430567e-05,0,
213,400,213,1,639,0.000226451996,9.269883949e-05;0.0003602051525,0.0001735516742;0.0003157915118;0.000190012802,biomass;glyco_frac,run_3;run_2;run_1,0.002294,0,,,0.000226451996,0.002294,2.024636491e-05,0,
214,400,214,1,642,0.0002264517297,9.269881229e-05;0.000360204647,0.0001735366334;0.0001900230679;0.0003157954878,biomass;glyco_frac,run_3;run_1;run_2,0.002713,0,,,0.0002264517297,0.002713,1.91168513e-05,0,
215,400,215,1,645,0.0002264514797,9.269874524e-05;0.0003602042141,0.0001900293674;0.0003158012883;0.0001735237833,biomass;glyco_frac,run_1;run_2;run_3,0.003266,0,,,0.0002264514797,0.003266,1.714641132e-05,0,
216,400,216,1,648,0.0002264512521,9.269865991e-05;0.0003602038444,0.0001900324265;0.0001735128218;0.0003158085082,biomass;glyco_frac,run_1;run_3;run_2,0.003873,0,,,0.0002264512521,0.003873,1.454522255e-05,0,
217,400,217,1,651,0.0002264510546,9.269857936e-05;0.0003602035298,0.0001900330923;0.0003158166669;0.0001735034046,biomass;glyco_frac,run_1;run_2;run_3,0.002798,0,,,0.0002264510546,0.002798,1.163416755e-05,0,
218,400,218,1,654,0.0002264508923,9.269852152e-05;0.0003602032632,0.000315825247;0.0001900322605;0.0001734951694,biomass;glyco_frac,run_2;run_1;run_3,0.002223,0,,,0.0002264508923,0.002223,8.870684721e-06,0,
219,400,219,1,657,0.0002264507666,9.269849508e-05;0.000360203038,0.0001734877601;0.0001900308063;0.0003158337333,biomass;glyco_frac,run_3;run_1;run_2,0.002166,0,,,0.0002264507666,0.002166,6.921691953e-06,0,
220,400,220,1,660,0.0002264506738,9.269849878e-05;0.0003602028488,0.0003158416498;0.0001734808485;0.000190029523,biomass;glyco_frac,run_2;run_3;run_1,0.002764,0,,,0.0002264506738,0.002764,6.464010193e-06,0,
221,400,221,1,663,0.000226450607,9.269852349e-05;0.0003602026905,0.0001734741537;0.0003158485935;0.0001900290738,biomass;glyco_frac,run_3;run_2;run_1,0.003361,0,,,0.000226450607,0.003361,7.288541072e-06,0,
222,400,222,1,666,0.0002264505575,9.269855615e-05;0.0003602025588,0.0003158542595;0.0001734674557;0.0001900299573,biomass;glyco_frac,run_2;run_3;run_1,0.002752,0,,,0.0002264505575,0.002752,8.472218903e-06,0,
223,400,223,1,669,0.000226450517,9.269858409e-05;0.0003602024499,0.000315858458;0.0001734606045;0.0001900324885,biomass;glyco_frac,run_2;run_3;run_1,0.002678,0,,,0.000226450517,0.002678,9.376977909e-06,0,
224,400,224,1,672,0.0002264504795,9.269859849e-05;0.0003602023604,0.0001734535224;0.0001900367952;0.0003158611207,biomass;glyco_frac,run_3;run_1;run_2,0.003091,0,,,0.0002264504795,0.003091,9.730997049e-06,0,
225,400,225,1,675,0.0002264504418,9.269859613e-05;0.0003602022875,0.0003158622965;0.0001900428276;0.0001734462013,biomass;glyco_frac,run_2;run_1;run_3,0.002805,0,,,0.0002264504418,0.002805,9.458987022e-06,0,
226,400,226,1,678,0.0002264504039,9.269857923e-05;0.0003602022285,0.0003158621372;0.0001734386941;0.0001900503803,biomass;glyco_frac,run_2;run_3;run_1,0.003635,0,,,0.0002264504039,0.003635,8.593618178e-06,0,
227,400,227,1,681,0.0002264503676,9.269855387e-05;0.0003602021814,0.0003158608768;0.0001734311029;0.0001900591233,biomass;glyco_frac,run_2;run_3;run_1,0.003424,0,,,0.0002264503676,0.003424,7.234835823e-06,0,
228,400,228,1,684,0.0002264503358,9.269852752e-05;0.0003602021441,0.0001900686388;0.0003158588051;0.0001734235637,biomass;glyco_frac,run_1;run_2;run_3,0.002362,0,,,0.0002264503358,0.002362,5.527898826e-06,0,
229,400,229,1,687,0.0002264503109,9.26985067e-05;0.0003602021151,0.0001900784622;0.0001734162309;0.0003158562396,biomass;glyco_frac,run_1;run_3;run_2,0.002991,0,,,0.0002264503109,0.002991,3.657278983e-06,0,
230,400,230,1,690,0.0002264502941,9.269849527e-05;0.000360202093,0.0001734092614;0.0001900881225;0.0003158534984,biomass;glyco_frac,run_3;run_1;run_2,0.001704,0,,,0.0002264502941,0.001704,1.915601263e-06,0,
231,400,231,1,693,0.0002264502851,9.269849382e-05;0.0003602020764,0.0001900971797;0.0003158508754;0.0001734028002,biomass;glyco_frac,run_1;run_2;run_3,0.002475,0,,,0.0002264502851,0.002475,1.350756842e-06,0,
232,400,232,1,696,0.0002264502822,9.269850006e-05;0.0003602020644,0.0001901052569;0.0003158486212;0.0001733969686,biomass;glyco_frac,run_1;run_2;run_3,0.002902,0,,,0.0002264502822,0.002902,2.460961563e-06,0,
233,400,233,1,699,0.0002264502831,9.269851003e-05;0.0003602020561,0.0003158469281;0.0001901120653;0.0001733918557,biomass;glyco_frac,run_2;run_1;run_3,0.002380,0,,,0.0002264502831,0.002380,3.645933384e-06,0,
234,400,234,1,702,0.0002264502851,9.269851949e-05;0.0003602020508,0.0001901174198;0.0001733875129;0.0003158459227,biomass;glyco_frac,run_1;run_3;run_2,0.002264,0,,,0.0002264502851,0.002264,4.502112825e-06,0,
235,400,235,1,705,0.0002264502865,9.269852519e-05;0.0003602020478,0.0001901212451;0.0003158456625;0.0001733839519,biomass;glyco_frac,run_1;run_2;run_3,0.002368,0,,,0.0002264502865,0.002368,4.948036258e-06,0,
236,400,236,1,708,0.0002264502861,9.269852564e-05;0.0003602020465,0.0003158461389;0.0001901235733;0.0001733811461,biomass;glyco_frac,run_2;run_1;run_3,0.003451,0,,,0.0002264502861,0.003451,4.97633886e-06,0,
237,400,237,1,711,0.0002264502839,9.269852117e-05;0.0003602020467,0.0001733790348;0.0003158472845;0.0001901245324,biomass;glyco_frac,run_3;run_2;run_1,0.002213,0,,,0.0002264502839,0.002213,4.621265587e-06,0,
238,400,238,1,714,0.0002264502807,9.269851354e-05;0.0003602020478,0.0003158489833;0.0001901243292;0.0001733775295,biomass;glyco_frac,run_2;run_1;run_3,0.002697,0,,,0.0002264502807,0.002697,3.947406136e-06,0,
239,400,239,1,717,0.0002264502774,9.269850515e-05;0.0003602020496,0.0001733765217;0.0003158510841;0.0001901232263,biomass;glyco_frac,run_3;run_2;run_1,0.002262,0,,,0.0002264502774,0.002262,3.042233283e-06,0,
240,400,240,1,720,0.000226450275,9.269849822e-05;0.0003602020518,0.000190121518;0.0001733758917;0.0003158534153,biomass;glyco_frac,run_1;run_3;run_2,0.003454,0,,,0.000226450275,0.003454,2.014273801e-06,0,
241,400,241,1,723,0.0002264502743,9.269849418e-05;0.0003602020543,0.0001733755181;0.0001901195048;0.0003158557998,biomass;glyco_frac,run_3;run_1;run_2,0.002366,0,,,0.0002264502743,0.002366,1.032856964e-06,0,
242,400,242,1,726,0.0002264502752,9.269849337e-05;0.0003602020569,0.0001901174706;0.0001733752856;0.0003158580693,biomass;glyco_frac,run_1;run_3;run_2,0.003248,0,,,0.0002264502752,0.003248,7.407234982e-07,0,
243,400,243,1,729,0.0002264502774,9.269849517e-05;0.0003602020595,0.0003158600769;0.0001901156624;0.0001733750928,biomass;glyco_frac,run_2;run_1;run_3,0.003179,0,,,0.0002264502774,0.003179,1.421378594e-06,0,
244,400,244,1,732,0.0002264502802,9.269849832e-05;0.000360202062,0.0003158617073;0.0001733748575;0.0001901142757,biomass;glyco_frac,run_2;run_3;run_1,0.002799,0,,,0.0002264502802,0.002799,2.127164237e-06,0,
245,400,245,1,735,0.0002264502829,9.269850144e-05;0.0003602020643,0.0003158628828;0.0001901134446;0.0001733745212,biomass;glyco_frac,run_2;run_1;run_3,0.003411,0,,,0.0002264502829,0.003411,2.644770528e-06,0,
246,400,246,1,738,0.0002264502849,9.26985034e-05;0.0003602020664,0.0003158635671;0.0001733740499;0.0001901132377,biomass;glyco_frac,run_2;run_3;run_1,0.002579,0,,,0.0002264502849,0.002579,2.929798995e-06,0,
247,400,247,1,741,0.000226450286,9.269850367e-05;0.0003602020683,0.0003158637641;0.0001733734343;0.0001901136595,biomass;glyco_frac,run_2;run_3;run_1,0.002326,0,,,0.000226450286,0.002326,2.97875926e-06,0,
248,400,248,1,744,0.0002264502861,9.269850231e-05;0.0003602020698,0.0003158635149;0.000173372687;0.0001901146563,biomass;glyco_frac,run_2;run_3;run_1,0.002778,0,,,0.0002264502861,0.002778,2.813548671e-06,0,
249,400,249,1,747,0.0002264502855,9.269849988e-05;0.0003602020711,0.0001733718393;0.0003158628902;0.000190116127,biomass;glyco_frac,run_3;run_2;run_1,0.002809,0,,,0.0002264502855,0.002809,2.476891194e-06,0,
250,400,250,1,750,0.0002264502846,9.269849717e-05;0.0003602020721,0.0003158619829;0.0001733709356;0.0001901179355,biomass;glyco_frac,run_2;run_3;run_1,0.003116,0,,,0.0002264502846,0.003116,2.03149827e-06,0,
251,400,251,1,753,0.0002264502839,9.269849491e-05;0.0003602020729,0.0001901199254;0.000315860898;0.0001733700283,biomass;glyco_frac,run_1;run_2;run_3,0.002542,0,,,0.0002264502839,0.002542,1.566423642e-06,0,
252,400,252,1,756,0.0002264502835,9.269849358e-05;0.0003602020734,0.0003158597437;0.0001733691721;0.0001901219346,biomass;glyco_frac,run_2;run_3;run_1,0.002666,0,,,0.0002264502835,0.002666,1.216256669e-06,0,
253,400,253,1,759,0.0002264502835,9.269849331e-05;0.0003602020736,0.0003158586217;0.0001901238098;0.000173368419,biomass;glyco_frac,run_2;run_1;run_3,0.002377,0,,,0.0002264502835,0.002377,1.1387981e-06,0,
254,400,254,1,762,0.0002264502838,9.269849389e-05;0.0003602020737,0.0001901254177;0.0003158576205;0.0001733678131,biomass;glyco_frac,run_1;run_2;run_3,0.002325,0,,,0.0002264502838,0.002325,1.322583841e-06,0,
255,400,255,1,765,0.0002264502842,9.26984949e-05;0.0003602020735,0.0001733673884;0.0003158568094;0.0001901266549,biomass;glyco_frac,run_3;run_2;run_1,0.003088,0,,,0.0002264502842,0.003088,1.587806976e-06,0,
256,400,256,1,768,0.0002264502845,9.269849588e-05;0.0003602020732,0.0003158562346;0.0001733671653;0.0001901274537,biomass;glyco_frac,run_2;run_3;run_1,0.002558,0,,,0.0002264502845,0.002558,1.806230582e-06,0,
257,400,257,1,771,0.0002264502846,9.269849648e-05;0.0003602020727,0.0001901277847;0.0003158559184;0.0001733671507,biomass;glyco_frac,run_1;run_2;run_3,0.002009,0,,,0.0002264502846,0.002009,1.92350378e-06,0,
258,400,258,1,774,0.0002264502843,9.269849653e-05;0.0003602020721,0.0001901276563;0.0001733673376;0.000315855859,biomass;glyco_frac,run_1;run_3;run_2,0.002408,0,,,0.0002264502843,0.002408,1.924851226e-06,0,
259,400,259,1,777,0.0002264502837,9.269849605e-05;0.0003602020714,0.0001733677072;0.0003158560336;0.0001901271103,biomass;glyco_frac,run_3;run_2;run_1,0.002282,0,,,0.0002264502837,0.002282,1.818534774e-06,0,
260,400,260,1,780,0.0002264502829,9.269849525e-05;0.0003602020705,0.0003158564019;0.0001901262165;0.0001733682302,biomass;glyco_frac,run_2;run_1;run_3,0.002378,0,,,0.0002264502829,0.002378,1.629306848e-06,0,
261,400,261,1,783,0.000226450282,9.269849439e-05;0.0003602020696,0.0001733688708;0.0003158569111;0.0001901250641,biomass;glyco_frac,run_3;run_2;run_1,0.002787,0,,,0.000226450282,0.002787,1.396066613e-06,0,
262,400,262,1,786,0.0002264502812,9.269849371e-05;0.0003602020686,0.0001733695891;0.0003158575012;0.0001901237532,biomass;glyco_frac,run_3;run_2;run_1,0.002736,0,,,0.0002264502812,0.002736,1.171699284e-06,0,
263,400,263,1,789,0.0002264502805,9.269849334e-05;0.0003602020676,0.000315858111;0.0001733703447;0.0001901223857,biomass;glyco_frac,run_2;run_3;run_1,0.002284,0,,,0.0002264502805,0.002284,1.018801084e-06,0,
264,400,264,1,792,0.00022645028,9.269849331e-05;0.0003602020666,0.0001901210571;0.0001733710999;0.0003158586829,biomass;glyco_frac,run_1;run_3;run_2,0.002235,0,,,0.00022645028,0.002235,9.816052686e-07,0,
265,400,265,1,795,0.0002264502795,9.269849355e-05;0.0003602020655,0.0001901198493;0.0001733718219;0.0003158591674,biomass;glyco_frac,run_1;run_3;run_2,0.002046,0,,,0.0002264502795,0.002046,1.042806938e-06,0,
266,400,266,1,798,0.0002264502792,9.26984939e-05;0.0003602020645,0.0001733724852;0.0001901188257;0.0003158595266,biomass;glyco_frac,run_3;run_1;run_2,0.002262,0,,,0.0002264502792,0.002262,1.140097457e-06,0,
267,400,267,1,801,0.0002264502788,9.269849422e-05;0.0003602020634,0.0001901180273;0.0003158597365;0.0001733730726,biomass;glyco_frac,run_1;run_2;run_3,0.002583,0,,,0.0002264502788,0.002583,1.218886436e-06,0,
268,400,268,1,804,0.0002264502784,9.269849438e-05;0.0003602020623,0.0001901174722;0.0003158597873;0.0001733735757,biomass;glyco_frac,run_1;run_2;run_3,0.001801,0,,,0.0002264502784,0.001801,1.249499527e-06,0,
269,400,269,1,807,0.0002264502778,9.269849436e-05;0.0003602020613,0.0003158596834;0.0001733739944;0.0001901171557,biomass;glyco_frac,run_2;run_3;run_1,0.002470,0,,,0.0002264502778,0.002470,1.222337254e-06,0,
270,400,270,1,810,0.0002264502772,9.269849417e-05;0.0003602020603,0.0001733743363;0.0001901170537;0.0003158594417,biomass;glyco_frac,run_3;run_1;run_2,0.002193,0,,,0.0002264502772,0.002193,1.141860326e-06,0,
271,400,271,1,813,0.0002264502766,9.269849389e-05;0.0003602020593,0.0001901171259;0.0003158590887;0.0001733746152,biomass;glyco_frac,run_1;run_2;run_3,0.002147,0,,,0.0002264502766,0.002147,1.022941239e-06,0,
272,400,272,1,816,0.000226450276,9.26984936e-05;0.0003602020584,0.0001733748486;0.0001901173214;0.000315858658,biomass;glyco_frac,run_3;run_1;run_2,0.002301,0,,,0.000226450276,0.002301,8.888239585e-07,0,
273,400,273,1,819,0.0002264502754,9.269849339e-05;0.0003602020575,0.0003158581863;0.0001733750566;0.0001901175834,biomass;glyco_frac,run_2;run_3;run_1,0.003194,0,,,0.0002264502754,0.003194,7.691153907e-07,0,
274,400,274,1,822,0.000226450275,9.269849329e-05;0.0003602020566,0.0001901178552;0.0003158577104;0.0001733752593,biomass;glyco_frac,run_1;run_2;run_3,0.002344,0,,,0.000226450275,0.002344,6.933999512e-07,0,
275,400,275,1,825,0.0002264502746,9.269849331e-05;0.0003602020558,0.0001901180847;0.000315857264;0.000173375475,biomass;glyco_frac,run_1;run_2;run_3,0.002539,0,,,0.0002264502746,0.002539,6.753234676e-07,0,
276,400,276,1,828,0.0002264502742,9.269849339e-05;0.000360202055,0.000315856875;0.0001733757191;0.0001901182285,biomass;glyco_frac,run_2;run_3;run_1,0.002095,0,,,0.0002264502742,0.002095,7.001918144e-07,0,
277,400,277,1,831,0.0002264502739,9.269849351e-05;0.0003602020543,0.0001733760025;0.0003158565642;0.0001901182549,biomass;glyco_frac,run_3;run_2;run_1,0.002756,0,,,0.0002264502739,0.002756,7.376560424e-07,0,
278,400,278,1,834,0.0002264502736,9.269849359e-05;0.0003602020536,0.0003158563437;0.0001733763315;0.0001901181456,biomass;glyco_frac,run_2;run_3;run_1,0.002097,0,,,0.0002264502736,0.002097,7.620285574e-07,0,
279,400,279,1,837,0.0002264502733,9.269849363e-05;0.0003602020529,0.0001901178957;0.0001733767072;0.0003158562169,biomass;glyco_frac,run_1;run_3;run_2,0.002207,0,,,0.0002264502733,0.002207,7.592397084e-07,0,
280,400,280,1,840,0.000226450273,9.26984936e-05;0.0003602020523,0.0003158561792;0.0001733771261;0.0001901175136,biomass;glyco_frac,run_2;run_3;run_1,0.002356,0,,,0.000226450273,0.002356,7.254876731e-07,0,
281,400,281,1,843,0.0002264502727,9.269849353e-05;0.0003602020518,0.0001733775806;0.0001901170186;0.0003158562188,biomass;glyco_frac,run_3;run_1;run_2,0.002240,0,,,0.0002264502727,0.002240,6.647255701e-07,0,
282,400,282,1,846,0.0002264502723,9.269849343e-05;0.0003602020513,0.0001901164382;0.0001733780601;0.0003158563188,biomass;glyco_frac,run_1;run_3;run_2,0.002492,0,,,0.0002264502723,0.002492,5.868359864e-07,0,
283,400,283,1,849,0.0002264502721,9.269849335e-05;0.0003602020508,0.0003158564586;0.0001901158056;0.000173378552,biomass;glyco_frac,run_2;run_1;run_3,0.002323,0,,,0.0002264502721,0.002323,5.063734007e-07,0,
284,400,284,1,852,0.0002264502718,9.26984933e-05;0.0003602020503,0.0003158566166;0.0001901151558;0.0001733790431,biomass;glyco_frac,run_2;run_1;run_3,0.002042,0,,,0.0002264502718,0.002042,4.407111636e-07,0,
285,400,285,1,855,0.0002264502716,9.269849329e-05;0.0003602020499,0.0001733795206;0.0003158567716;0.0001901145226,biomass;glyco_frac,run_3;run_2;run_1,0.002412,0,,,0.0002264502716,0.002412,4.045773463e-07,0,
286,400,286,1,858,0.0002264502714,9.269849331e-05;0.0003602020496,0.0001733799733;0.0003158569049;0.0001901139361,biomass;glyco_frac,run_3;run_2;run_1,0.002088,0,,,0.0002264502714,0.002088,4.002881611e-07,0,
287,400,287,1,861,0.0002264502713,9.269849335e-05;0.0003602020492,0.0003158570017;0.00019011342;0.0001733803922,biomass;glyco_frac,run_2;run_1;run_3,0.002470,0,,,0.0002264502713,0.002470,4.149767955e-07,0,
288,400,288,1,864,0.0002264502711,9.269849339e-05;0.0003602020489,0.0003158570518;0.0001901129905;0.0001733807712,biomass;glyco_frac,run_2;run_1;run_3,0.002139,0,,,0.0002264502711,0.002139,4.310805587e-07,0,
289,400,289,1,867,0.000226450271,9.269849341e-05;0.0003602020486,0.0001733811072;0.0003158570503;0.0001901126556,biomass;glyco_frac,run_3;run_2;run_1,0.003010,0,,,0.000226450271,0.003010,4.358752203e-07,0,
290,400,290,1,870,0.0002264502709,9.269849341e-05;0.0003602020484,0.0003158569973;0.0001733814004;0.000190112415,biomass;glyco_frac,run_2;run_3;run_1,0.002177,0,,,0.0002264502709,0.002177,4.234054228e-07,0,
291,400,291,1,873,0.0002264502708,9.269849339e-05;0.0003602020481,0.0003158568976;0.000190112261;0.0001733816537,biomass;glyco_frac,run_2;run_1;run_3,0.002450,0,,,0.0002264502708,0.002450,3.932576123e-07,0,
292,400,292,1,876,0.0002264502706,9.269849336e-05;0.0003602020479,0.00031585676;0.0001733818721;0.0001901121798,biomass;glyco_frac,run_2;run_3;run_1,0.002358,0,,,0.0002264502706,0.002358,3.491986788e-07,0,
293,400,293,1,879,0.0002264502705,9.269849333e-05;0.0003602020477,0.0003158565956;0.0001733820625;0.0001901121534,biomass;glyco_frac,run_2;run_3;run_1,0.002400,0,,,0.0002264502705,0.002400,2.983001217e-07,0,
294,400,294,1,882,0.0002264502704,9.26984933e-05;0.0003602020476,0.0001901121615;0.0003158564173;0.0001733822325,biomass;glyco_frac,run_1;run_2;run_3,0.003416,0,,,0.0002264502704,0.003416,2.503921548e-07,0,
295,400,295,1,885,0.0002264502704,9.269849329e-05;0.0003602020474,0.0001901121831;0.000315856238;0.0001733823899,biomass;glyco_frac,run_1;run_2;run_3,0.003542,0,,,0.0002264502704,0.003542,2.166627436e-07,0,
296,400,296,1,888,0.0002264502703,9.269849329e-05;0.0003602020473,0.000173382542;0.0001901121992;0.0003158560697,biomass;glyco_frac,run_3;run_1;run_2,0.002441,0,,,0.0002264502703,0.002441,2.044407982e-07,0,
297,400,297,1,891,0.0002264502702,9.26984933e-05;0.0003602020472,0.0001901121934;0.0001733826948;0.0003158559225,biomass;glyco_frac,run_1;run_3;run_2,0.002524,0,,,0.0002264502702,0.002524,2.101826982e-07,0,
298,400,298,1,894,0.0002264502702,9.269849331e-05;0.0003602020471,0.0001733828531;0.0003158558037;0.0001901121538,biomass;glyco_frac,run_3;run_2;run_1,0.002748,0,,,0.0002264502702,0.002748,2.222805277e-07,0,
299,400,299,1,897,0.0002264502702,9.269849332e-05;0.000360202047,0.0003158557177;0.0001901120732;0.0001733830196,biomass;glyco_frac,run_2;run_1;run_3,0.002482,0,,,0.0002264502702,0.002482,2.302566407e-07,0,
300,400,300,1,900,0.0002264502701,9.269849332e-05;0.0003602020469,0.0001733831953;0.0003158556658;0.0001901119492,biomass;glyco_frac,run_3;run_2;run_1,0.002386,0,,,0.0002264502701,0.002386,2.283484147e-07,0,
301,400,301,1,903,0.0002264502701,9.269849332e-05;0.0003602020468,0.0003158556462;0.0001733833795;0.0001901117845,biomass;glyco_frac,run_2;run_3;run_1,0.002689,0,,,0.0002264502701,0.002689,2.148406316e-07,0,
302,400,302,1,906,0.00022645027,9.269849331e-05;0.0003602020468,0.00017338357;0.0003158556546;0.0001901115856,biomass;glyco_frac,run_3;run_2;run_1,0.003319,0,,,0.00022645027,0.003319,1.908989924e-07,0,
303,400,303,1,909,0.00022645027,9.26984933e-05;0.0003602020467,0.0003158556848;0.0001733837632;0.000190111362,biomass;glyco_frac,run_2;run_3;run_1,0.002469,0,,,0.00022645027,0.002469,1.598381516e-07,0,
304,400,304,1,912,0.00022645027,9.269849329e-05;0.0003602020467,0.0003158557293;0.0001733839553;0.0001901111254,biomass;glyco_frac,run_2;run_3;run_1,0.002905,0,,,0.00022645027,0.002905,1.269179552e-07,0,
305,400,305,1,915,0.00022645027,9.269849329e-05;0.0003602020466,0.0001901108878;0.0003158557803;0.0001733841418,biomass;glyco_frac,run_1;run_2;run_3,0.002004,0,,,0.00022645027,0.002004,9.967345439e-08,0,
306,400,306,1,918,0.0002264502699,9.269849329e-05;0.0003602020466,0.000190110661;0.0003158558303;0.0001733843186,biomass;glyco_frac,run_1;run_2;run_3,0.002010,0,,,0.0002264502699,0.002010,8.68924318e-08,0,
307,400,307,1,921,0.0002264502699,9.269849329e-05;0.0003602020466,0.0003158558725;0.0001733844821;0.0001901104551,biomass;glyco_frac,run_2;run_3;run_1,0.002961,0,,,0.0002264502699,0.002961,9.07419237e-08,0,
308,400,308,1,924,0.0002264502699,9.26984933e-05;0.0003602020466,0.0001733846297;0.000315855902;0.0001901102781,biomass;glyco_frac,run_3;run_2;run_1,0.003650,0,,,0.0002264502699,0.003650,1.023620121e-07,0,
309,400,309,1,927,0.0002264502699,9.26984933e-05;0.0003602020465,0.0001733847596;0.000190110135;0.0003158559151,biomass;glyco_frac,run_3;run_1;run_2,0.002468,0,,,0.0002264502699,0.002468,1.123523235e-07,0,
310,400,310,1,930,0.0002264502699,9.26984933e-05;0.0003602020465,0.0001733848712;0.0003158559106;0.0001901100279,biomass;glyco_frac,run_3;run_2;run_1,0.002808,0,,,0.0002264502699,0.002808,1.158989127e-07,0,
311,400,311,1,933,0.0002264502699,9.26984933e-05;0.0003602020465,0.0001733849652;0.0003158558888;0.0001901099557,biomass;glyco_frac,run_3;run_2;run_1,0.002349,0,,,0.0002264502699,0.002349,1.114456158e-07,0,
312,400,312,1,936,0.0002264502699,9.26984933e-05;0.0003602020465,0.0003158558516;0.0001901099151;0.000173385043,biomass;glyco_frac,run_2;run_1;run_3,0.002219,0,,,0.0002264502699,0.002219,9.933246141e-08,0,
313,400,313,1,939,0.0002264502699,9.269849329e-05;0.0003602020465,0.0001733851069;0.0003158558026;0.0001901099002,biomass;glyco_frac,run_3;run_2;run_1,0.002599,0,,,0.0002264502699,0.002599,8.110665231e-08,0,
314,400,314,1,942,0.0002264502699,9.269849329e-05;0.0003602020465,0.0003158557457;0.0001901099043;0.0001733851597,biomass;glyco_frac,run_2;run_1;run_3,0.002288,0,,,0.0002264502699,0.002288,5.9231467e-08,0,
315,400,315,1,945,0.0002264502699,9.269849329e-05;0.0003602020465,0.0001901099195;0.0001733852044;0.0003158556857,biomass;glyco_frac,run_1;run_3;run_2,0.002404,0,,,0.0002264502699,0.002404,3.746625963e-08,0,
316,400,316,1,948,0.0002264502699,9.269849329e-05;0.0003602020465,0.0003158556272;0.0001901099384;0.000173385244,biomass;glyco_frac,run_2;run_1;run_3,0.002402,0,,,0.0002264502699,0.002402,2.41371335e-08,0,
317,400,317,1,951,0.0002264502699,9.269849329e-05;0.0003602020465,0.0001901099543;0.0003158555741;0.0001733852812,biomass;glyco_frac,run_1;run_2;run_3,0.002291,0,,,0.0002264502699,0.002291,3.00065447e-08,0,
318,400,318,1,954,0.0002264502699,9.269849329e-05;0.0003602020465,0.0001901099615;0.0001733853182;0.0003158555299,biomass;glyco_frac,run_1;run_3;run_2,0.002523,0,,,0.0002264502699,0.002523,4.335028321e-08,0,
319,400,319,1,957,0.0002264502699,9.269849329e-05;0.0003602020465,0.0003158554967;0.0001733853567;0.0001901099562,biomass;glyco_frac,run_2;run_3;run_1,0.002977,0,,,0.0002264502699,0.002977,5.411222745e-08,0,
320,400,320,1,960,0.0002264502699,9.269849329e-05;0.0003602020464,0.0001901099366;0.0003158554756;0.0001733853974,biomass;glyco_frac,run_1;run_2;run_3,0.002234,0,,,0.0002264502699,0.002234,5.968197474e-08,0,
321,400,321,1,963,0.0002264502699,9.269849329e-05;0.0003602020464,0.0003158554666;0.0001733854408;0.0001901099022,biomass;glyco_frac,run_2;run_3;run_1,0.002341,0,,,0.0002264502699,0.002341,5.953935145e-08,0,
322,400,322,1,966,0.0002264502699,9.269849329e-05;0.0003602020464,0.0001901098547;0.0001733854862;0.0003158554686,biomass;glyco_frac,run_1;run_3;run_2,0.002406,0,,,0.0002264502699,0.002406,5.406615428e-08,0,
323,400,323,1,969,0.0002264502699,9.269849329e-05;0.0003602020464,0.0001901097969;0.000173385533;0.0003158554797,biomass;glyco_frac,run_1;run_3;run_2,0.002506,0,,,0.0002264502699,0.002506,4.421040589e-08,0,
324,400,324,1,972,0.0002264502699,9.269849329e-05;0.0003602020464,0.0003158554972;0.0001733855798;0.0001901097326,biomass;glyco_frac,run_2;run_3;run_1,0.002440,0,,,0.0002264502699,0.002440,3.129680582e-08,0,
325,400,325,1,975,0.0002264502699,9.269849329e-05;0.0003602020464,0.000190109666;0.0001733856251;0.0003158555185,biomass;glyco_frac,run_1;run_3;run_2,0.002573,0,,,0.0002264502699,0.002573,1.692727861e-08,0,
326,400,326,1,978,0.0002264502699,9.269849329e-05;0.0003602020464,0.0001733856676;0.0001901096014;0.0003158555406,biomass;glyco_frac,run_3;run_1;run_2,0.002996,0,,,0.0002264502699,0.002996,4.57953875e-09,0,
327,400,327,1,981,0.0002264502699,9.269849329e-05;0.0003602020464,0.000315855561;0.0001733857058;0.0001901095428,biomass;glyco_frac,run_2;run_3;run_1,0.002679,0,,,0.0002264502699,0.002679,1.263312208e-08,0,
328,400,328,1,984,0.0002264502699,9.269849329e-05;0.0003602020464,0.0001733857388;0.0003158555775;0.0001901094934,biomass;glyco_frac,run_3;run_2;run_1,0.004114,0,,,0.0002264502699,0.004114,2.342191388e-08,0,
329,400,329,1,987,0.0002264502699,9.269849329e-05;0.0003602020464,0.0001901094554;0.0001733857658;0.0003158555885,biomass;glyco_frac,run_1;run_3;run_2,0.003321,0,,,0.0002264502699,0.003321,3.130410447e-08,0,
330,400,330,1,990,0.0002264502699,9.269849329e-05;0.0003602020464,0.0001901094299;0.0003158555932;0.0001733857865,biomass;glyco_frac,run_1;run_2;run_3,0.002915,0,,,0.0002264502699,0.002915,3.567863436e-08,0,
331,400,331,1,993,0.0002264502699,9.269849329e-05;0.0003602020464,0.000190109417;0.0003158555916;0.000173385801,biomass;glyco_frac,run_1;run_2;run_3,0.003257,0,,,0.0002264502699,0.003257,3.648924724e-08,0,
332,400,332,1,996,0.0002264502699,9.269849329e-05;0.0003602020464,0.0003158555841;0.0001733858099;0.0001901094156,biomass;glyco_frac,run_2;run_3;run_1,0.002469,0,,,0.0002264502699,0.002469,3.407766012e-08,0,
333,400,333,1,999,0.0002264502699,9.269849329e-05;0.0003602020464,0.000190109424;0.0003158555718;0.0001733858138,biomass;glyco_frac,run_1;run_2;run_3,0.002487,0,,,0.0002264502699,0.002487,2.91386565e-08,0,
334,400,334,1,1002,0.0002264502699,9.269849329e-05;0.0003602020465,0.0003158555562;0.0001733858139;0.0001901094395,biomass;glyco_frac,run_2;run_3;run_1,0.002751,0,,,0.0002264502699,0.002751,2.273076799e-08,0,
335,400,335,1,1005,0.0002264502699,9.269849329e-05;0.0003602020465,0.0001901094596;0.0001733858111;0.0003158555389,biomass;glyco_frac,run_1;run_3;run_2,0.002350,0,,,0.0002264502699,0.002350,1.648710444e-08,0,
336,400,336,1,1008,0.0002264502699,9.269849329e-05;0.0003602020465,0.0001733858068;0.0001901094812;0.0003158555216,biomass;glyco_frac,run_3;run_1;run_2,0.003748,0,,,0.0002264502699,0.003748,1.313237123e-08,0,
337,400,337,1,1011,0.0002264502699,9.269849329e-05;0.0003602020465,0.0001733858019;0.0003158555058;0.0001901095019,biomass;glyco_frac,run_3;run_2;run_1,0.002869,0,,,0.0002264502699,0.002869,1.467804546e-08,0,
338,400,338,1,1014,0.0002264502699,9.269849329e-05;0.0003602020465,0.0001901095195;0.0003158554928;0.0001733857973,biomass;glyco_frac,run_1;run_2;run_3,0.003185,0,,,0.0002264502699,0.003185,1.867333446e-08,0,
339,400,339,1,1017,0.0002264502699,9.269849329e-05;0.0003602020465,0.0001733857936;0.0003158554836;0.0001901095324,biomass;glyco_frac,run_3;run_2;run_1,0.003325,0,,,0.0002264502699,0.003325,2.232569722e-08,0,
340,400,340,1,1020,0.0002264502699,9.269849329e-05;0.0003602020465,0.0001733857913;0.0003158554786;0.0001901095397,biomass;glyco_frac,run_3;run_2;run_1,0.003346,0,,,0.0002264502699,0.003346,2.44786943e-08,0,
341,400,341,1,1023,0.0002264502699,9.269849329e-05;0.0003602020465,0.000315855478;0.0001901095412;0.0001733857905,biomass;glyco_frac,run_2;run_1;run_3,0.002120,0,,,0.0002264502699,0.002120,2.480784289e-08,0,
342,400,342,1,1026,0.0002264502699,9.269849329e-05;0.0003602020465,0.0001733857911;0.0001901095373;0.0003158554812,biomass;glyco_frac,run_3;run_1;run_2,0.002782,0,,,0.0002264502699,0.002782,2.342015389e-08,0,
343,400,343,1,1029,0.0002264502699,9.269849329e-05;0.0003602020465,0.0001901095291;0.0003158554877;0.0001733857928,biomass;glyco_frac,run_1;run_2;run_3,0.002198,0,,,0.0002264502699,0.002198,2.072375055e-08,0,
344,400,344,1,1032,0.0002264502699,9.269849329e-05;0.0003602020465,0.0003158554966;0.0001733857952;0.0001901095178,biomass;glyco_frac,run_2;run_3;run_1,0.003470,0,,,0.0002264502699,0.003470,1.739265336e-08,0,
345,400,345,1,1035,0.0002264502699,9.269849329e-05;0.0003602020465,0.0001901095052;0.0001733857976;0.0003158555068,biomass;glyco_frac,run_1;run_3;run_2,0.003650,0,,,0.0002264502699,0.003650,1.437726188e-08,0,
346,400,346,1,1038,0.0002264502699,9.269849329e-05;0.0003602020465,0.0001733857997;0.0003158555173;0.0001901094926,biomass;glyco_frac,run_3;run_2;run_1,0.002636,0,,,0.0002264502699,0.002636,1.277049706e-08,0,
347,400,347,1,1041,0.0002264502699,9.269849329e-05;0.0003602020465,0.0001733858008;0.0001901094817;0.0003158555271,biomass;glyco_frac,run_3;run_1;run_2,0.002904,0,,,0.0002264502699,0.002904,1.305215834e-08,0,
348,400,348,1,1044,0.0002264502699,9.269849329e-05;0.0003602020465,0.0001733858006;0.0003158555353;0.0001901094736,biomass;glyco_frac,run_3;run_2;run_1,0.002509,0,,,0.0002264502699,0.002509,1.447434562e-08,0,
349,400,349,1,1047,0.0002264502699,9.269849329e-05;0.0003602020465,0.0001901094692;0.0003158555415;0.0001733857988,biomass;glyco_frac,run_1;run_2;run_3,0.002409,0,,,0.0002264502699,0.002409,1.593320935e-08,0,
350,400,350,1,1050,0.0002264502699,9.269849329e-05;0.0003602020464,0.0003158555453;0.000190109469;0.0001733857953,biomass;glyco_frac,run_2;run_1;run_3,0.002502,0,,,0.0002264502699,0.002502,1.673708438e-08,0,
351,400,351,1,1053,0.0002264502699,9.269849329e-05;0.0003602020464,0.0001733857901;0.0003158555467;0.0001901094728,biomass;glyco_frac,run_3;run_2;run_1,0.002782,0,,,0.0002264502699,0.002782,1.661679508e-08,0,
352,400,352,1,1056,0.0002264502699,9.269849329e-05;0.0003602020464,0.0001901094804;0.0003158555458;0.0001733857834,biomass;glyco_frac,run_1;run_2;run_3,0.002856,0,,,0.0002264502699,0.002856,1.5592734e-08,0,
353,400,353,1,1059,0.0002264502699,9.269849329e-05;0.0003602020464,0.0001733857754;0.0001901094911;0.0003158555431,biomass;glyco_frac,run_3;run_1;run_2,0.002327,0,,,0.0002264502699,0.002327,1.389276471e-08,0,
354,400,354,1,1062,0.0002264502699,9.269849329e-05;0.0003602020464,0.0003158555391;0.000190109504;0.0001733857665,biomass;glyco_frac,run_2;run_1;run_3,0.002928,0,,,0.0002264502699,0.002928,1.191160939e-08,0,
355,400,355,1,1065,0.0002264502699,9.269849329e-05;0.0003602020464,0.0003158555345;0.0001733857572;0.0001901095179,biomass;glyco_frac,run_2;run_3;run_1,0.002507,0,,,0.0002264502699,0.002507,1.017695552e-08,0,
356,400,356,1,1068,0.0002264502699,9.269849329e-05;0.0003602020464,0.0003158555298;0.0001733857478;0.000190109532,biomass;glyco_frac,run_2;run_3;run_1,0.002329,0,,,0.0002264502699,0.002329,9.216409885e-09,0,
357,400,357,1,1071,0.0002264502699,9.269849329e-05;0.0003602020464,0.0003158555257;0.0001901095453;0.0001733857387,biomass;glyco_frac,run_2;run_1;run_3,0.002856,0,,,0.0002264502699,0.002856,9.204721912e-09,0,
358,400,358,1,1074,0.0002264502699,9.269849329e-05;0.0003602020464,0.0001733857302;0.0003158555225;0.0001901095569,biomass;glyco_frac,run_3;run_2;run_1,0.003257,0,,,0.0002264502699,0.003257,9.7700362e-09,0,
359,400,359,1,1077,0.0002264502699,9.269849329e-05;0.0003602020464,0.0001901095664;0.0001733857225;0.0003158555207,biomass;glyco_frac,run_1;run_3;run_2,0.003493,0,,,0.0002264502699,0.003493,1.035932288e-08,0,
360,400,360,1,1080,0.0002264502699,9.269849329e-05;0.0003602020464,0.0001733857158;0.0001901095734;0.0003158555204,biomass;glyco_frac,run_3;run_1;run_2,0.002457,0,,,0.0002264502699,0.002457,1.059136372e-08,0,
361,400,361,1,1083,0.0002264502699,9.269849329e-05;0.0003602020464,0.000190109578;0.0003158555216;0.00017338571,biomass;glyco_frac,run_1;run_2;run_3,0.002266,0,,,0.0002264502699,0.002266,1.030704526e-08,0,
362,400,362,1,1086,0.0002264502699,9.269849329e-05;0.0003602020464,0.000315855524;0.0001733857051;0.0001901095804,biomass;glyco_frac,run_2;run_3;run_1,0.003741,0,,,0.0002264502699,0.003741,9.518806433e-09,0,
363,400,363,1,1089,0.0002264502699,9.269849329e-05;0.0003602020464,0.0003158555276;0.000190109581;0.000173385701,biomass;glyco_frac,run_2;run_1;run_3,0.003360,0,,,0.0002264502699,0.003360,8.366917629e-09,0,
364,400,364,1,1092,0.0002264502699,9.269849329e-05;0.0003602020464,0.0003158555318;0.0001901095804;0.0001733856974,biomass;glyco_frac,run_2;run_1;run_3,0.002177,0,,,0.0002264502699,0.002177,7.094122026e-09,0,
365,400,365,1,1095,0.0002264502699,9.269849329e-05;0.0003602020464,0.0001733856941;0.0003158555364;0.0001901095791,biomass;glyco_frac,run_3;run_2;run_1,0.002831,0,,,0.0002264502699,0.002831,6.021123378e-09,0,
366,400,366,1,1098,0.0002264502699,9.269849329e-05;0.0003602020464,0.0003158555409;0.0001901095777;0.000173385691,biomass;glyco_frac,run_2;run_1;run_3,0.002125,0,,,0.0002264502699,0.002125,5.453248588e-09,0,
367,400,367,1,1101,0.0002264502699,9.269849329e-05;0.0003602020464,0.000315855545;0.0001733856878;0.0001901095768,biomass;glyco_frac,run_2;run_3;run_1,0.002092,0,,,0.0002264502699,0.002092,5.455946378e-09,0,
368,400,368,1,1104,0.0002264502699,9.269849329e-05;0.0003602020464,0.0001901095769;0.0001733856843;0.0003158555484,biomass;glyco_frac,run_1;run_3;run_2,0.003045,0,,,0.0002264502699,0.003045,5.76864587e-09,0,
369,400,369,1,1107,0.0002264502699,9.269849329e-05;0.0003602020464,0.0001733856805;0.0003158555509;0.0001901095781,biomass;glyco_frac,run_3;run_2;run_1,0.002446,0,,,0.0002264502699,0.002446,6.054089837e-09,0,
370,400,370,1,1110,0.0002264502699,9.269849329e-05;0.0003602020464,0.0003158555525;0.0001733856764;0.0001901095807,biomass;glyco_frac,run_2;run_3;run_1,0.003665,0,,,0.0002264502699,0.003665,6.095717451e-09,0,
371,400,371,1,1113,0.0002264502699,9.269849329e-05;0.0003602020464,0.0001901095846;0.0001733856719;0.0003158555531,biomass;glyco_frac,run_1;run_3;run_2,0.003617,0,,,0.0002264502699,0.003617,5.812550207e-09,0,
372,400,372,1,1116,0.0002264502699,9.269849329e-05;0.0003602020464,0.0001901095896;0.0001733856671;0.000315855553,biomass;glyco_frac,run_1;run_3;run_2,0.003595,0,,,0.0002264502699,0.003595,5.224829766e-09,0,
373,400,373,1,1119,0.0002264502699,9.269849329e-05;0.0003602020464,0.0001901095954;0.0001733856621;0.0003158555521,biomass;glyco_frac,run_1;run_3;run_2,0.002644,0,,,0.0002264502699,0.002644,4.428290945e-09,0,
374,400,374,1,1122,0.0002264502699,9.269849329e-05;0.0003602020464,0.0003158555509;0.0001901096017;0.000173385657,biomass;glyco_frac,run_2;run_1;run_3,0.003287,0,,,0.0002264502699,0.003287,3.583806463e-09,0,
375,400,375,1,1125,0.0002264502699,9.269849329e-05;0.0003602020464,0.0001901096081;0.000173385652;0.0003158555494,biomass;glyco_frac,run_1;run_3;run_2,0.004047,0,,,0.0002264502699,0.004047,2.914363848e-09,0,
376,400,376,1,1128,0.0002264502699,9.269849329e-05;0.0003602020464,0.000315855548;0.0001901096143;0.0001733856473,biomass;glyco_frac,run_2;run_1;run_3,0.002576,0,,,0.0002264502699,0.002576,2.639554844e-09,0,
377,400,377,1,1131,0.0002264502699,9.269849329e-05;0.0003602020464,0.0001733856429;0.0001901096198;0.0003158555469,biomass;glyco_frac,run_3;run_1;run_2,0.002164,0,,,0.0002264502699,0.002164,2.761449106e-09,0,
378,400,378,1,1134,0.0002264502699,9.269849329e-05;0.0003602020464,0.0001733856389;0.0003158555462;0.0001901096245,biomass;glyco_frac,run_3;run_2;run_1,0.003205,0,,,0.0002264502699,0.003205,3.034316783e-09,0,
379,400,379,1,1137,0.0002264502699,9.269849329e-05;0.0003602020464,0.0001733856354;0.0001901096282;0.000315855546,biomass;glyco_frac,run_3;run_1;run_2,0.003743,0,,,0.0002264502699,0.003743,3.226442339e-09,0,
380,400,380,1,1140,0.0002264502699,9.269849329e-05;0.0003602020464,0.0003158555463;0.0001733856324;0.0001901096309,biomass;glyco_frac,run_2;run_3;run_1,0.002449,0,,,0.0002264502699,0.002449,3.222310568e-09,0,
381,400,381,1,1143,0.0002264502699,9.269849329e-05;0.0003602020464,0.0001901096326;0.0003158555471;0.0001733856299,biomass;glyco_frac,run_1;run_2;run_3,0.002208,0,,,0.0002264502699,0.002208,2.993101542e-09,0,
382,400,382,1,1146,0.0002264502699,9.269849329e-05;0.0003602020464,0.0001901096334;0.0001733856278;0.0003158555484,biomass;glyco_frac,run_1;run_3;run_2,0.003388,0,,,0.0002264502699,0.003388,2.565445441e-09,0,
383,400,383,1,1149,0.0002264502699,9.269849329e-05;0.0003602020464,0.0001901096336;0.0001733856261;0.0003158555499,biomass;glyco_frac,run_1;run_3;run_2,0.002857,0,,,0.0002264502699,0.002857,2.00582549e-09,0,
384,400,384,1,1152,0.0002264502699,9.269849329e-05;0.0003602020464,0.0001733856246;0.0003158555516;0.0001901096334,biomass;glyco_frac,run_3;run_2;run_1,0.002558,0,,,0.0002264502699,0.002558,1.422410814e-09,0,
385,400,385,1,1155,0.0002264502699,9.269849329e-05;0.0003602020464,0.0003158555533;0.0001733856233;0.000190109633,biomass;glyco_frac,run_2;run_3;run_1,0.002485,0,,,0.0002264502699,0.002485,1.004009824e-09,0,
386,400,386,1,1158,0.0002264502699,9.269849329e-05;0.0003602020464,0.000173385622;0.0001901096326;0.0003158555549,biomass;glyco_frac,run_3;run_1;run_2,0.002129,0,,,0.0002264502699,0.002129,9.913233089e-10,0,
387,400,387,1,1161,0.0002264502699,9.269849329e-05;0.0003602020464,0.0001733856208;0.0003158555563;0.0001901096325,biomass;glyco_frac,run_3;run_2;run_1,0.003585,0,,,0.0002264502699,0.003585,1.265860727e-09,0,
388,400,388,1,1164,0.0002264502699,9.269849329e-05;0.0003602020464,0.0001733856195;0.0003158555573;0.0001901096328,biomass;glyco_frac,run_3;run_2;run_1,0.002340,0,,,0.0002264502699,0.002340,1.537803047e-09,0,
389,400,389,1,1167,0.0002264502699,9.269849329e-05;0.0003602020464,0.0001733856182;0.000315855558;0.0001901096335,biomass;glyco_frac,run_3;run_2;run_1,0.002977,0,,,0.0002264502699,0.002977,1.681752995e-09,0,
390,400,390,1,1170,0.0002264502699,9.269849329e-05;0.0003602020464,0.0001733856167;0.0001901096346;0.0003158555583,biomass;glyco_frac,run_3;run_1;run_2,0.002099,0,,,0.0002264502699,0.002099,1.663326937e-09,0,
391,400,391,1,1173,0.0002264502699,9.269849329e-05;0.0003602020464,0.0001901096361;0.0001733856152;0.0003158555582,biomass;glyco_frac,run_1;run_3;run_2,0.002636,0,,,0.0002264502699,0.002636,1.48787693e-09,0,
392,400,392,1,1176,0.0002264502699,9.269849329e-05;0.0003602020464,0.0003158555579;0.000190109638;0.0001733856137,biomass;glyco_frac,run_2;run_1;run_3,0.003015,0,,,0.0002264502699,0.003015,1.183285094e-09,0,
393,400,393,1,1179,0.0002264502699,9.269849329e-05;0.0003602020464,0.0001733856121;0.0003158555574;0.00019010964,biomass;glyco_frac,run_3;run_2;run_1,0.002454,0,,,0.0002264502699,0.002454,7.911431578e-10,0,
394,400,394,1,1182,0.0002264502699,9.269849329e-05;0.0003602020464,0.0001901096421;0.0003158555568;0.0001733856106,biomass;glyco_frac,run_1;run_2;run_3,0.002652,0,,,0.0002264502699,0.002652,3.610670468e-10,0,
395,400,395,1,1185,0.0002264502699,9.269849329e-05;0.0003602020464,0.0003158555562;0.0001733856093;0.0001901096441,biomass;glyco_frac,run_2;run_3;run_1,0.002412,0,,,0.0002264502699,0.002412,9.692215978e-11,0,
396,400,396,1,1188,0.0002264502699,9.269849329e-05;0.0003602020464,0.0001901096459;0.0003158555557;0.000173385608,biomass;glyco_frac,run_1;run_2;run_3,0.002287,0,,,0.0002264502699,0.002287,4.509522036e-10,0,
397,400,397,1,1191,0.0002264502699,9.269849329e-05;0.0003602020464,0.0001901096474;0.0001733856069;0.0003158555553,biomass;glyco_frac,run_1;run_3;run_2,0.002061,0,,,0.0002264502699,0.002061,7.400951219e-10,0,
398,400,398,1,1194,0.0002264502699,9.269849329e-05;0.0003602020464,0.000173385606;0.0001901096485;0.0003158555551,biomass;glyco_frac,run_3;run_1;run_2,0.002252,0,,,0.0002264502699,0.002252,9.247920553e-10,0,
399,400,399,1,1197,0.0002264502699,9.269849329e-05;0.0003602020464,0.0001901096491;0.0003158555551;0.0001733856054,biomass;glyco_frac,run_1;run_2;run_3,0.002301,0,,,0.0002264502699,0.002301,9.959037636e-10,0,
400,400,400,1,1200,0.0002264502699,9.269849329e-05;0.0003602020464,0.0001733856049;0.0003158555553;0.0001901096494,biomass;glyco_frac,run_3;run_2;run_1,0.002509,0,,,0.0002264502699,0.002509,9.582585335e-10,0,
