process,t,prediction_valid,c_biomass,c_glucose,c_product,V_real,q_biomass,q_glucose,q_product
run_1,0.0,True,0.1,10.0,0.0,1.0,0.45518205136203993,-0.961269064611404,0.042762130287184404
run_1,0.07035175879396985,True,0.10325399422438426,9.993128028199317,0.00030568778142260025,1.0,0.4551498298816974,-0.9612220479261048,0.04275656178904151
run_1,0.1407035175879397,True,0.1066136279716946,9.986032803310467,0.0006212804976850025,1.0,0.4551166544919839,-0.9611736228043736,0.042750815072800936
run_1,0.21105527638190955,True,0.11008233559166951,9.97870705682655,0.0009470987233135069,1.0,0.45508250035108205,-0.9611237514419108,0.04274488455065364
run_1,0.2814070351758794,True,0.11366364775843095,9.971143315948435,0.0012834719685206255,1.0,0.4550473423707886,-0.9610723955649453,0.042738764495894935
run_1,0.35175879396984927,True,0.11736115738922773,9.963333977077857,0.001630735738288841,1.0,0.4550111555817423,-0.961019516954658,0.04273244910039589
run_1,0.4221105527638191,True,0.12117859322618028,9.955271148109656,0.001989238036652381,1.0,0.4549739144852798,-0.9609650764988573,0.042725932355649504
run_1,0.49246231155778897,True,0.12511982137364885,9.946946645133764,0.0023593395021265064,1.0,0.45493559309749976,-0.9609090342489414,0.042719208052897785
run_1,0.5628140703517588,True,0.12918884529823357,9.938351992435202,0.00274141340770753,1.0,0.4548961650113101,-0.9608513495028268,0.042712269786011475
run_1,0.6331658291457287,True,0.13338980582877438,9.92947842249409,0.0031358456608728026,1.0,0.45485560346198173,-0.9607919808928399,0.04270511095460988
run_1,0.7035175879396985,True,0.13772698115635104,9.920316875985641,0.003543034803580723,1.0,0.45481388139636586,-0.9607308864788365,0.0426977247674409
run_1,0.7738693467336684,True,0.14220478683428317,9.910858001780161,0.003963392012270732,1.0,0.45477097154593576,-0.9606680238468102,0.04269010424604123
run_1,0.8442211055276382,True,0.1468277757781301,9.901092156943049,0.004397341097863307,1.0,0.454726846503815,-0.9606033502132796,0.04268224222869989
run_1,0.9145728643216081,True,0.15160063826569126,9.891009406734797,0.004845318505759979,1.0,0.4546814788059562,-0.9605368225357377,0.042674131374748764
run_1,0.9849246231155779,True,0.15652820193700556,9.880599524610997,0.0053077733158433124,1.0,0.454634841016633,-0.9604683976294647,0.042665764169206165
run_1,1.0,True,0.15760470956445116,9.878325270505972,0.0054087984137650485,1.0,0.45462467933655204,-0.9604534841662894,0.04266393710995068
run_1,1.0552763819095479,True,0.161615431794352,9.869851992222321,0.005785167242476922,1.0,0.4545869058184125,-0.9603980322910197,0.04265713292780062
run_1,1.1256281407035176,True,0.16686743020224926,9.858755999414551,0.006277974634505457,1.0,0.45453764610676706,-0.9603256834287227,0.04264822980240495
run_1,1.1959798994974873,True,0.17228943688745596,9.847300444228553,0.006786682475254625,1.0,0.45448703508948846,-0.960251308200463,0.042639046786911904
run_1,1.2663316582914574,True,0.17788695446451233,9.835473663949303,0.007311801262650804,1.0,0.45443504527764084,-0.9601748625321408,0.042629575521013645
run_1,1.3366834170854272,True,0.1836656989894148,9.82326354232657,0.007853861127619164,1.0,0.4543816490379083,-0.9600963019095369,0.042619807373402804
run_1,1.407035175879397,True,0.18963140719775312,9.810657922412902,0.0084133950392534,1.0,0.45432682042450256,-0.960015584049956,0.04260973376131404
run_1,1.4773869346733668,True,0.19579003628788422,9.797644177762542,0.008990955871464564,1.0,0.45427053354442226,-0.9599326665108597,0.04259934583897647
run_1,1.5477386934673367,True,0.20214776574800516,9.784209208513015,0.009587116560123754,1.0,0.45421276269003563,-0.9598475068764126,0.04258863450417956
run_1,1.6180904522613067,True,0.20871099735615342,9.77033944138513,0.010202470103062116,1.0,0.4541534824957277,-0.9597600629802664,0.042577590408586365
run_1,1.6884422110552764,True,0.21548635518020667,9.756020829682985,0.010837629560070845,1.0,0.45409266810263327,-0.9596702931415245,0.04256620396892098
run_1,1.758793969849246,True,0.22248068557788284,9.741238853293963,0.011493228052901185,1.0,0.45403029533168926,-0.9595781564145357,0.042554465379099474
run_1,1.8291457286432162,True,0.22970105719674,9.72597851868873,0.012169918765264435,1.0,0.45396634086520643,-0.9594836128531523,0.0425423646233787
run_1,1.899497487437186,True,0.23715476097417673,9.710224358921241,0.012868374942831941,1.0,0.4539007824371474,-0.9593866237901374,0.04252989149060216
run_1,1.9698492462311559,True,0.24484931013743158,9.693960433628737,0.013589289893235082,1.0,0.4538335990322567,-0.9592871521323807,0.04251703558962722
run_1,2.0,True,0.24822261133926038,9.686830078466205,0.013905304650269366,1.0,0.45380430379936476,-0.9592437526444638,0.042511406133664366
run_1,2.0402010050251254,True,0.25279244020358344,9.67717032903174,0.014333376986065294,1.0,0.4537647710941495,-0.9591851626726162,0.04250378636602339
run_1,2.1105527638190957,True,0.26099210897955155,9.659837157934064,0.015101369652874081,1.0,0.453694280742425,-0.9590806224183208,0.04249013312013682
run_1,2.1809045226130657,True,0.26945649656209525,9.641943559722801,0.015894021387172958,1.0,0.453622111998803,-0.9589735009384797,0.04247606502662186
run_1,2.251256281407035,True,0.27819400533781435,9.623471700368334,0.01671210574443353,1.0,0.453548251022224,-0.9588637707288992,0.04246157115554612
run_1,2.321608040201005,True,0.28721325998314867,9.604403272424332,0.01755641634208742,1.0,0.4534726863527705,-0.9587514075967352,0.042446640495181515
run_1,2.3919597989949746,True,0.2965231281047261,9.584719450851065,0.018427768531513657,1.0,0.4533954090063905,-0.9586363908330707,0.04243126194528881
run_1,2.462311557788945,True,0.3061331290013917,9.56440001880933,0.01932703308780982,1.0,0.45331640962062786,-0.958518699050189,0.04241542371926594
run_1,2.532663316582915,True,0.31605282739752416,9.543424666427153,0.020255088016142744,1.0,0.45323568338838555,-0.9583983174620733,0.042399114286377826
run_1,2.6030150753768844,True,0.32629197755422706,9.521772681184448,0.02121282910034191,1.0,0.4531532292638471,-0.9582752367969128,0.04238232219489399
run_1,2.6733668341708543,True,0.33686070455547873,9.49942255968891,0.022201184391876946,1.0,0.45306904891923744,-0.9581494518380137,0.04236503583496006
run_1,2.7437185929648242,True,0.3477695043081312,9.476352007676008,0.023221114209857587,1.0,0.452983147101898,-0.958020962033312,0.04234724347799191
run_1,2.814070351758794,True,0.35902924354191096,9.452537940008993,0.024273611141033723,1.0,0.45289553200169025,-0.9578897721374837,0.042328933319274994
run_1,2.884422110552764,True,0.37065115980941876,9.427956480678892,0.0253597000397954,1.0,0.45280621562758655,-0.9577558928876158,0.04231009352399204
run_1,2.9547738693467336,True,0.3826468614861296,9.402582962804512,0.02648043802817278,1.0,0.4527152141920071,-0.9576193417133368,0.04229071227691173
run_1,3.0,True,0.390561322855835,9.385841350178765,0.027219714730293186,1.0,0.45265583292975553,-0.9575301591118808,0.04227796151696625
run_1,3.0251256281407035,True,0.39502832777039304,9.37639192863244,0.02763691449583621,1.0,0.45262254850111655,-0.9574801434821918,0.0422707778359796
run_1,3.0954773869346734,True,0.4078079086834321,9.349357129537031,0.028830251100096113,1.0,0.452528244348901,-0.9573383312809197,0.04225027859006055
run_1,3.1658291457286434,True,0.4209983250693447,9.321451526020432,0.030061601765903105,1.0,0.4524323329123914,-0.9571939472331541,0.042229203121088334
run_1,3.2361809045226133,True,0.4346126685951029,9.29264728771256,0.03133215268584793,1.0,0.45233485114489147,-0.957047043353868,0.042207540270883324
run_1,3.306532663316583,True,0.4486644017505525,9.26291579337111,0.03264312232016144,1.0,0.45223584216347734,-0.9568976824406843,0.042185279212902285
run_1,3.3768844221105527,True,0.4631673578484145,9.23222763088156,0.033995761396714695,1.0,0.45213535562638674,-0.9567459390019171,0.04216240952918528
run_1,3.4472361809045227,True,0.47813574102428347,9.200552597257161,0.03539135291101884,1.0,0.45203344809516055,-0.9565919002209369,0.04213892129276258
run_1,3.517587939698492,True,0.4935841262366278,9.167859698638946,0.03683121212622515,1.0,0.4519301833755712,-0.9564356669561039,0.04211480515577976
run_1,3.5879396984924625,True,0.5095275803768283,9.134116891187524,0.03831669571031903,1.0,0.4518256321251868,-0.956277353739653,0.0420900522777914
run_1,3.6582914572864325,True,0.5259823008182076,9.099289720129818,0.039849251249174746,1.0,0.4517198685063756,-0.9561170845030383,0.04206465354836371
run_1,3.728643216080402,True,0.5429643423321067,9.063344046630823,0.041430322308628226,1.0,0.45161297795213756,-0.95595500472592,0.04203860143748842
run_1,3.798994974874372,True,0.5604902216493302,9.026244746075275,0.04306139217890059,1.0,0.4515050538255266,-0.9557912774428456,0.04201188929725972
run_1,3.8693467336683423,True,0.5785770863145292,8.98795534608983,0.044743996441358576,1.0,0.4513961967002263,-0.9556260832025836,0.0419845112651056
run_1,3.9396984924623117,True,0.5972427146861996,8.948438026543093,0.04647972296851444,1.0,0.4512865145653709,-0.9554596215331537,0.04195646240668008
run_1,4.0,True,0.6137164107806306,8.913559061168913,0.048011011406522586,1.0,0.4511919320294447,-0.955316097520993,0.04193188365112203
run_1,4.010050251256281,True,0.6165055159366843,8.907653619545577,0.04827021192402621,1.0,0.4511761229425665,-0.9552921124502676,0.041927738868020925
run_1,4.080402010050251,True,0.6363845300521718,8.86556160944974,0.05011715576269739,1.0,0.4510651448963407,-0.9551237980051172,0.04189833803721687
run_1,4.150753768844221,True,0.6568994278326963,8.822120132849967,0.05202229923047722,1.0,0.4509537109165436,-0.9549549438664715,0.04186825871576685
run_1,4.2211055276381915,True,0.6780705108921387,8.77728597858257,0.053987439364460516,1.0,0.45084195864819654,-0.9547858409309604,0.04183750129973747
run_1,4.291457286432161,True,0.699918711658224,8.731014587725799,0.056014425492887605,1.0,0.4507300324409057,-0.954616806954196,0.04180606797072967
run_1,4.361809045226131,True,0.7224655933725252,8.683260053599824,0.05810515923514461,1.0,0.45061808268619186,-0.954448188194023,0.04177396289655075
run_1,4.4321608040201,True,0.7457333500904595,8.633975121766754,0.06026159450176309,1.0,0.4505062649068874,-0.9542803610556607,0.041741192441347635
run_1,4.50251256281407,True,0.7697448066812917,8.583111190030625,0.062485737494420414,1.0,0.45039473855808343,-0.954113733726783,0.04170776538479122
run_1,4.572864321608041,True,0.7945234188281317,8.5306183084374,0.06477964670593946,1.0,0.4502836654939108,-0.9539487477886501,0.04167369314970215
run_1,4.64321608040201,True,0.8200932730279343,8.476445179274982,0.0671454329202886,1.0,0.4501732080486526,-0.9537858797872071,0.0416389900372719
run_1,4.71356783919598,True,0.8464790865915023,8.420539157073195,0.06958525921258213,1.0,0.45006352667423655,-0.9536256427455299,0.04160367346875415
run_1,4.783919597989949,True,0.8737066160337706,8.362845233025922,0.07210137857974991,1.0,0.4499547754138202,-0.9534685854753763,0.041567763712187004
run_1,4.8542713567839195,True,0.9018033147296642,8.30330464332866,0.07469618544341933,1.0,0.44984709647383264,-0.9533152915439881,0.041531283410651765
run_1,4.92462311557789,True,0.9307964564138543,8.241859550159598,0.07737204275705062,1.0,0.44974062391487446,-0.9531663906717116,0.041494260254949816
run_1,4.994974874371859,True,0.9607142628466352,8.178449964529516,0.08013139646983314,1.0,0.4496354737396431,-0.9530225534803005,0.04145672571893856
run_1,5.0,True,0.9628873985115879,8.173843902646315,0.08033175468191724,1.0,0.4496280162162887,-0.9530124917223347,0.04145402602314021
run_1,5.06532663316583,True,0.9915860035331489,8.113013488346537,0.08297678509534209,1.0,0.44953173799402274,-0.9528844925195468,0.041418715227436446
run_1,5.135678391959798,True,1.0234419957233805,8.045485314416133,0.08591083971153819,1.0,0.44942947827359675,-0.9527529636425419,0.041380268452579826
run_1,5.206030150753769,True,1.056313604412162,7.975798226441116,0.08893628396076801,1.0,0.4493287180502538,-0.9526287671079331,0.041341429601987
run_1,5.276381909547739,True,1.09023324233917,7.903882599021646,0.09205593404976362,1.0,0.4492294336423484,-0.9525127483305312,0.041302247692311035
run_1,5.346733668341709,True,1.125234369988927,7.829666397655231,0.09527269874964286,1.0,0.4491315436249265,-0.9524057981810303,0.04126277680009924
run_1,5.417085427135678,True,1.1613514955907989,7.753075178736721,0.09858957939590916,1.0,0.44903489644430655,-0.9523088527082778,0.04122307627977665
run_1,5.4874371859296485,True,1.1986201751190004,7.674032089558312,0.1020096698884518,1.0,0.44893925596235673,-0.9522228921208921,0.04118321093589716
run_1,5.557788944723618,True,1.237077012292588,7.592457868309548,0.10553615669154552,1.0,0.4488442846082127,-0.952148938815742,0.04114325113337539
run_1,5.628140703517588,True,1.2767596585754668,7.508270844077311,0.10917231883385096,1.0,0.4487495237563925,-0.9520880541741206,0.04110327282497389
run_1,5.698492462311558,True,1.3177068131763834,7.421386936845837,0.11292152790841414,1.0,0.44865437087687227,-0.9520413337560281,0.04106335746953887
run_1,5.768844221105528,True,1.3599582230489342,7.331719657496701,0.11678724807266717,1.0,0.44855805291014245,-0.9520099004000337,0.04102359180688718
run_1,5.839195979899498,True,1.4035546828915568,7.23918010780883,0.12077303604842737,1.0,0.4484595952024807,-0.9519948945687259,0.04098406744522579
run_1,5.909547738693467,True,1.4485380351475374,7.143676980458484,0.12488254112189814,1.0,0.44835778518545993,-0.951997461051364,0.0409448802036697
run_1,5.9798994974874375,True,1.49495043862185,7.0451148433287365,0.12911958534415896,1.0,0.44825112704916836,-0.9520187315819845,0.04090612912161316
run_1,6.0,True,1.508479739559187,7.01637822462342,0.13035416387394766,1.0,0.44821951569293095,-0.9520283989733809,0.040895151448962885
run_1,6.050251256281407,True,1.5428366393095287,6.943392378916564,0.13348823845832772,1.0,0.4481377896362093,-0.9520598012077267,0.04086791381653802
run_1,6.1206030150753765,True,1.5922443850158325,6.8384061926056585,0.13799264031816805,1.0,0.4480155519900537,-0.9521216960990643,0.04083033334388637
run_1,6.190954773869347,True,1.6432216299334645,6.730049555830852,0.14263706401882653,1.0,0.4478817284752157,-0.9522053298288685,0.04079348454607236
run_1,6.261306532663316,True,1.6958165090826598,6.618212379929963,0.1474259171494293,1.0,0.44773308226036673,-0.9523114418226492,0.04075745838612794
run_1,6.331658291457287,True,1.7500773383111885,6.5027812161437915,0.15236374179308224,1.0,0.4475657210516816,-0.9524405140209669,0.040722334975017885
run_1,6.402010050251256,True,1.8060526142943543,6.383639255616122,0.15745521452687083,1.0,0.447374970398028,-0.9525926579029803,0.04068817686240086
run_1,6.472361809045227,True,1.8637910145349947,6.260666329393722,0.16270514642186018,1.0,0.4471552184663665,-0.952767461058237,0.040655019997791614
run_1,6.542713567839196,True,1.92334139736348,6.133738908426344,0.16811848304309504,1.0,0.4468997242015032,-0.9529637784240355,0.040622861553329684
run_1,6.613065326633166,True,1.9847528019377159,6.002730103566723,0.1737003044495998,1.0,0.44660037809702996,-0.9531794476757762,0.04059164350139122
run_1,6.683417085427136,True,2.0480744482431414,5.8675096655705765,0.1794558251943786,1.0,0.446247401155797,-0.953410900462319,0.040561230427980655
run_1,6.7537688442211055,True,2.113355737092727,5.72794398509661,0.1853903943244149,1.0,0.44582896265604965,-0.9536526303783397,0.040531379491545456
run_1,6.824120603015075,True,2.18064625012698,5.58389609270651,0.1915094953806722,1.0,0.44533069058496444,-0.953896463602125,0.040501699644746036
run_1,6.894472361809045,True,2.2499957498139413,5.435225658864946,0.19781874639809344,1.0,0.4447350394121299,-0.9541305574104237,0.04047159613885733
run_1,6.964824120603015,True,2.321447613429292,5.281794708537852,0.20432359338483164,1.0,0.4440204948200001,-0.954338009511083,0.04044019710681215
run_1,7.0,True,2.357972319390128,5.203251476478469,0.2076510201712224,1.0,0.44361057581672664,-0.954424626572353,0.04042363906536578
run_1,7.035175879396984,True,2.395036356499397,5.1234651183441136,0.21102942780675438,1.0,0.4431605074959951,-0.9544949696169174,0.04040625016904136
run_1,7.105527638190955,True,2.4707977416528806,4.960094635978416,0.21794182024424508,1.0,0.44212208004686,-0.9545680699696191,0.04036797856523686
run_1,7.175879396984925,True,2.5487532030176125,4.791556302854117,0.2250655011642868,1.0,0.4408640665246501,-0.9545108679752662,0.04032289616638517
run_1,7.2462311557788945,True,2.6289094533591877,4.617738867836513,0.23240433900022742,1.0,0.43933486048406195,-0.9542590793450719,0.040267549494711424
run_1,7.316582914572865,True,2.711258484080927,4.438546787242841,0.23996134015177975,1.0,0.43746937066689146,-0.9537241445118292,0.040197171061219505
run_1,7.3869346733668335,True,2.7957775652238714,4.253900224842296,0.247738648985021,1.0,0.43518508652359145,-0.95278459618908,0.040105216766807096
run_1,7.457286432160804,True,2.8824171006315855,4.0637588333289045,0.25573632413683367,1.0,0.43237739736714875,-0.9512747972455202,0.03998277358689129
run_1,7.527638190954773,True,2.9710907682915946,3.86813022574173,0.26395180776899607,1.0,0.4289137302092819,-0.9489704762598492,0.03981780286207531
run_1,7.597989949748744,True,3.061672817495133,3.667081237825596,0.2723793900903409,1.0,0.4246266958156343,-0.9455707052528066,0.039594216574246284
run_1,7.668341708542714,True,3.1539564951864376,3.4608310790678765,0.2810055145284076,1.0,0.4193089232153992,-0.940678510979855,0.03929095911270699
run_1,7.7386934673366845,True,3.2476529777547993,3.2497536103439213,0.28980866210936324,1.0,0.4127079841784791,-0.9337801710923175,0.03888111148451951
run_1,7.809045226130653,True,3.342391371034561,3.034377343917069,0.29875935145800175,1.0,0.4045244318933672,-0.9242264525762457,0.03833131936733231
run_1,7.8793969849246235,True,3.437710658918842,2.815428831703652,0.30781887172759,1.0,0.3944181682127956,-0.911223626317732,0.03760211982784516
run_1,7.949748743718593,True,3.5329587374882694,2.5940286987951158,0.31692780578564,1.0,0.38203726962717416,-0.8938576788159109,0.03665060870953195
run_1,8.0,True,3.600505871003206,2.4351920521367956,0.32342238829894765,1.0,0.3716197547265112,-0.8782401696891757,0.0358115576620361
run_1,8.020100502512562,True,3.6273281717048933,2.371659370449886,0.32600940235429215,1.0,0.3670594964629946,-0.871150759272051,0.03543520226742365
run_1,8.090452261306533,True,3.7199194121576675,2.1501542097587394,0.33497523004434776,1.0,0.3492551336030648,-0.8421711453280923,0.03392317655775714
run_1,8.160804020100501,True,3.809741422854853,1.9316983006161186,0.3437252223515606,1.0,0.3285687274849419,-0.8062106344929153,0.03210051065110217
run_1,8.231155778894472,True,3.8957116812240336,1.7188284477201101,0.3521476776566384,1.0,0.3052061243810029,-0.7630267535114935,0.029982083200313214
run_1,8.301507537688442,True,3.976737571355154,1.5142881463502775,0.3601279044716386,1.0,0.2796840358944741,-0.7130752580846766,0.02761735407107585
run_1,8.371859296482413,True,4.05194358582082,1.3206410008810476,0.36757240392043566,1.0,0.252785268404586,-0.6575797640445643,0.02508552292181155
run_1,8.442211055276383,True,4.120681039492564,1.1400563267621964,0.3744101647186255,1.0,0.22545435042870376,-0.5984280008112103,0.02248371954647768
run_1,8.512562814070352,True,4.182592280386948,0.9740953525285092,0.38059957384518545,1.0,0.19864052472933758,-0.5378610330227712,0.01991005368842145
run_1,8.582914572864322,True,4.2376085179222365,0.8236869394153384,0.3861282330828917,1.0,0.17316501208684268,-0.47811352375055655,0.017449640472956437
run_1,8.653266331658292,True,4.28594453483995,0.6889728913922057,0.39101258193615873,1.0,0.14960433580615384,-0.4210249511583781,0.015162933631714509
run_1,8.723618090452263,True,4.327995072817833,0.569537607331699,0.39528757571472445,1.0,0.1282906796563963,-0.3679126112417011,0.013085771290036657
run_1,8.793969849246231,True,4.364259949653714,0.46457386510343324,0.39899922347321354,1.0,0.10934782913372468,-0.3195651651464414,0.011233027446672806
run_1,8.8643216080402,True,4.39533159663867,0.3729135467755818,0.4022033525170225,1.0,0.0927248146799181,-0.27626789980797556,0.009601987463559008
run_1,8.93467336683417,True,4.42179682001719,0.29328925179359955,0.40495585534418393,1.0,0.07827648681743296,-0.23798243145180348,0.008180274519987995
run_1,9.0,True,4.442736681477265,0.22900706759076903,0.407154356105723,1.0,0.06663683899746205,-0.20670256366522863,0.007032106036050183
run_1,9.00502512562814,True,4.444215225492426,0.22441702152119727,0.4073104485627377,1.0,0.0658072013803973,-0.20445824259598427,0.006950169694876596
run_1,9.075376884422111,True,4.46311301674353,0.16503109842330543,0.40931798860593527,1.0,0.05509781849909681,-0.17531177054549196,0.005891296372679192
run_1,9.145728643216081,True,4.4789652165226945,0.11394642688876477,0.4110246414918849,1.0,0.04593050482733889,-0.1501047999992311,0.004983104307694061
run_1,9.21608040201005,True,4.492190948471238,0.07009085949926219,0.41247131224770245,1.0,0.038102460513811755,-0.12839447082973482,0.004206273688869475
run_1,9.28643216080402,True,4.503162719027869,0.03249071157410858,0.41369449999807634,1.0,0.031427606037960625,-0.10974900682171371,0.0035429296848898707
run_1,9.35678391959799,True,4.51220406016179,0.000283836289820304,0.4147260221664817,1.0,0.02574100045839208,-0.09376906083088647,0.0029771261579493555
run_1,9.42713567839196,True,4.519591990856007,-0.027277749910631574,0.41559319550129736,1.0,0.020900034970557747,-0.08009837076580703,0.0024950047650254058
run_1,9.49748743718593,True,4.525568264960225,-0.05085435083123728,0.41631991858607126,1.0,0.016779820025801615,-0.06841628212322191,0.002084368619748514
run_1,9.567839195979898,True,4.53034038738857,-0.07101909086113517,0.41692675538586005,1.0,0.01327289403496959,-0.058441017060505,0.0017346801893159522
run_1,9.638190954773869,True,4.534083728695758,-0.08826004552307877,0.4174311161551634,1.0,0.010288486780725019,-0.04993068914946035,0.0014370093919256876
run_1,9.708542713567839,True,4.536950097037921,-0.10300248656025798,0.4178480956411559,1.0,0.007748255564210873,-0.04267338184380556,0.0011836237797087758
run_1,9.77889447236181,True,4.539069641407622,-0.11561343080016062,0.41819065594958743,1.0,0.005585174743649996,-0.03648558851674396,0.0009678899358491799
run_1,9.84924623115578,True,4.54055153815977,-0.12640219193565372,0.4184696832210323,1.0,0.003743154587560166,-0.031212331576317386,0.0007842449823788149
run_1,9.919597989949748,True,4.541489652827515,-0.13563571960024007,0.4186945460718547,1.0,0.002174143979341001,-0.02671969146315718,0.0006279133774627195
run_1,9.989949748743719,True,4.541965023578905,-0.14354537274196633,0.41887334093929424,1.0,0.0008367821234696229,-0.022891531737539682,0.0004947769326030904
run_1,10.0,True,4.54199930457023,-0.14457912101630466,0.4188955369274665,1.0,0.0006625282897268969,-0.022392935621722156,0.00047744035998706575
run_1,10.06030150753769,True,4.54204583405747,-0.15032644038533,0.41901288580858254,1.0,-0.0003036576445485726,-0.019629795174049707,0.00038137314147145327
run_1,10.13065326633166,True,4.541789204450223,-0.1561428868405532,0.4191188958256613,1.0,-0.0012761990132738445,-0.016852146726185836,0.00028480469413107607
run_1,10.201005025125628,True,4.541244967760221,-0.16113804198750958,0.4191963596974341,1.0,-0.0021060879762073636,-0.014486626203163818,0.00020254826356804278
run_1,10.271356783919597,True,4.540456041813215,-0.16543563190857707,0.41924957657271655,1.0,-0.002815028195616974,-0.01247113290849356,0.00013243239671092548
run_1,10.341708542713567,True,4.539458093219717,-0.1691386400444439,0.41928212085057803,1.0,-0.0034210315252019125,-0.01075398847790618,7.265369957455715e-05
run_1,10.412060301507537,True,4.538280826555413,-0.17233293162123967,0.41929697043615105,1.0,-0.003939077310197028,-0.009292114453583102,2.1711458350761208e-05
run_1,10.482412060301508,True,4.53695038190243,-0.17509414747968283,0.4192967466827296,1.0,-0.00438232206697152,-0.008047575957983156,-2.1713345438857447e-05
run_1,10.552763819095478,True,4.535489481706363,-0.17748812222562665,0.4192837290524671,1.0,-0.004762188586708367,-0.0069873676668443145,-5.876656394709689e-05
run_1,10.623115577889449,True,4.533917284217634,-0.17957042500640236,0.41925984011353296,1.0,-0.005088300935491539,-0.006083638326012241,-9.041401987696621e-05
run_1,10.693467336683417,True,4.532249093581492,-0.18138546797385582,0.41922661600088185,1.0,-0.0053683427303250295,-0.005314131338668715,-0.00011742700279201979
run_1,10.763819095477388,True,4.530498262680612,-0.1829720244514228,0.4191853972759897,1.0,-0.005609011170439211,-0.004659421426582804,-0.00014047802912670314
run_1,10.834170854271356,True,4.528676645017661,-0.1843645349066383,0.419137374214322,1.0,-0.005816245902602068,-0.004102259238665653,-0.00016016374314384616
run_1,10.904522613065327,True,4.526794595971766,-0.18559311052285823,0.41908358693080744,1.0,-0.005995233424671235,-0.0036275677597558537,-0.00017700527174103884
run_1,10.974874371859297,True,4.524860769008718,-0.18668292971875877,0.41902490483608557,1.0,-0.0061503068767382535,-0.003222742172068212,-0.0001914380770386682
run_1,11.0,True,4.524158862173277,-0.1870422892311302,0.4190028907309219,1.0,-0.00620054268701635,-0.0030932082679654173,-0.00019607402189143538
run_1,11.045226130653266,True,4.522881797706429,-0.18765329959882232,0.41896199460034855,1.0,-0.006284788037567251,-0.002878117176904086,-0.00020379600883508776
run_1,11.115577889447236,True,4.520863493443905,-0.18852114160283423,0.41889544039462295,1.0,-0.006401585791118322,-0.002585223500403817,-0.00021437146831106827
run_1,11.185929648241206,True,4.518811106736261,-0.18930175039690325,0.41882577011492655,1.0,-0.006503327061046313,-0.0023364079226980304,-0.00022342855704303886
run_1,11.256281407035177,True,4.516729327234716,-0.1900087938734617,0.41875345538226844,1.0,-0.0065923576090091635,-0.002124832779418051,-0.00023120314015878763
run_1,11.326633165829147,True,4.514622275370816,-0.1906542885808148,0.4186789107021851,1.0,-0.006670738488983875,-0.0019444877879639803,-0.00023790247612770455
run_1,11.396984924623116,True,4.512493153449392,-0.19124757910249954,0.4186024584013386,1.0,-0.006740072138345846,-0.0017906994628544507,-0.00024368770970792256
run_1,11.467336683417086,True,4.510344310921432,-0.19179552673351,0.4185243351694142,1.0,-0.006801535209903239,-0.001660036289994535,-0.0002486771659763423
run_1,11.537688442211056,True,4.5081778889660455,-0.1923043876070204,0.4184447567884871,1.0,-0.006856199989054384,-0.0015493700871729067,-0.00025297868248681793
run_1,11.608040201005025,True,4.505995866760365,-0.1927799472546786,0.41836392277802126,1.0,-0.00690505755614497,-0.0014558086522588158,-0.00025669193662803465
run_1,11.678391959798995,True,4.50380006147954,-0.19322752060660592,0.41828201639486917,1.0,-0.006949017915688998,-0.0013766956586936001,-0.0002599084561977927
run_1,11.748743718592964,True,4.50159212829674,-0.19365195199139718,0.41819920463327176,1.0,-0.006988910106922402,-0.0013096105583049382,-0.00026271162857290537
run_1,11.819095477386934,True,4.499373509545846,-0.19405746672575985,0.4181156331187843,1.0,-0.007025456951057348,-0.0012524425998785697,-0.0002651741583225025
run_1,11.889447236180905,True,4.497145103475987,-0.19444670428913713,0.4180313928386495,1.0,-0.007059110039312094,-0.0012038734804973173,-0.00026734146287832794
run_1,11.959798994974875,True,4.494907575231672,-0.1948216250600113,0.41794655137199305,1.0,-0.00709020475075189,-0.001162924337506111,-0.0002692472686533185
run_1,12.0,True,4.493625139503061,-0.19503016743605833,0.41789782577085166,1.0,-0.007106949311351173,-0.0011425816831162879,-0.0002702314446400081
run_1,12.030150753768845,True,4.4926615653114474,-0.19518411793520848,0.41786117382379717,1.0,-0.007119064078357497,-0.001128652260554753,-0.00027092405726146713
run_1,12.100502512562814,True,4.49040768946425,-0.1955360000044781,0.41777532281440805,1.0,-0.007145998588969578,-0.001100150440604546,-0.00027240306121277026
run_1,12.170854271356784,True,4.48814653868941,-0.19587901655049259,0.4176890584795361,1.0,-0.007171306437065474,-0.0010765481574373647,-0.00027371426506257664
run_1,12.241206030150753,True,4.48587867923665,-0.19621484104884762,0.41760243847025563,1.0,-0.0071952733770620165,-0.0010570107677243062,-0.00027488640645068123
run_1,12.311557788944723,True,4.483604652606083,-0.1965450751680621,0.41751551795300507,1.0,-0.007218172774291881,-0.0010407396935961477,-0.00027594697704147925
run_1,12.381909547738694,True,4.481324931389423,-0.196871119954896,0.41742834517498284,1.0,-0.007240243633478128,-0.0010270367042566277,-0.00027692001159199917
run_1,12.452261306532662,True,4.479039691770863,-0.19719351213688677,0.41734093861841737,1.0,-0.007261577376816254,-0.0010156351192498936,-0.00027781469526607196
run_1,12.522613065326633,True,4.476749051193438,-0.19751261721604807,0.4172533108678687,1.0,-0.007282236172152299,-0.001006353780462489,-0.0002786372697517228
run_1,12.592964824120603,True,4.474453138129941,-0.19782883293841644,0.417165475616042,1.0,-0.007302287658847873,-0.0009989954897505649,-0.00027939452739306783
run_1,12.663316582914574,True,4.4721520871685625,-0.19814257495811594,0.4170774471702353,1.0,-0.007321802499819349,-0.0009933541679010716,-0.0002800935648651666
run_1,12.733668341708544,True,4.469846039012895,-0.19845427683735828,0.41698924045234,1.0,-0.007340854380121795,-0.0009892148580161666,-0.00028074178302227944
run_1,12.804020100502512,True,4.467535140481928,-0.19876439004644253,0.41690087099884016,1.0,-0.007359520005485848,-0.000986353728953402,-0.0002813468867419299
run_1,12.874371859296483,True,4.46521954451005,-0.1990733839637555,0.4168123549608134,1.0,-0.007377879100789594,-0.0009845380788479092,-0.0002819168847633856
run_1,12.944723618090453,True,4.46289941014705,-0.1993817458757715,0.41672370910393003,1.0,-0.007396014408460978,-0.0009835263387040982,-0.00028246008952024625
run_1,13.0,True,4.461073370991666,-0.19962391533369045,0.4166539790163313,1.0,-0.00741016234447756,-0.0009831325396603963,-0.0002828736989904591
run_1,13.015075376884422,True,4.460574902558114,-0.19968998097705226,0.4166349508084537,1.0,-0.007414011686794702,-0.000983068076082578,-0.00028298511696579884
run_1,13.085427135678392,True,4.458246135052769,-0.19999844327132352,0.41654609224795763,1.0,-0.007431930883674638,-0.0009829883416848399,-0.00028349798595813
run_1,13.15577889447236,True,4.455913060196097,-0.2003070178877422,0.41645712945569496,1.0,-0.00744975200433747,-0.0009833460864241664,-0.0002839966712300411
run_1,13.226130653266331,True,4.453575673828158,-0.20061571616319257,0.41636806281156374,1.0,-0.007467476570155402,-0.0009841373078695887,-0.0002844813125245355
run_1,13.296482412060302,True,4.451233979496653,-0.2009245719237766,0.41627889346997476,1.0,-0.007485109932759442,-0.0009853467939627194,-0.0002849524349812368
run_1,13.366834170854272,True,4.448887985330676,-0.20123363236638508,0.4161896230459136,1.0,-0.007502659718294493,-0.0009869526737417774,-0.0002854107925937421
run_1,13.437185929648242,True,4.446537704040722,-0.20154295805869737,0.416100253614941,1.0,-0.007520135826158104,-0.0009889264197105074,-0.00028585736808468
run_1,13.507537688442211,True,4.444183152918684,-0.20185262293918146,0.4160107877131926,1.0,-0.007537550427727737,-0.0009912328502433294,-0.00028629337277948026
run_1,13.577889447236181,True,4.441824353837854,-0.2021627143170941,0.415921228337379,1.0,-0.007554917965076988,-0.0009938301320249557,-0.0002867202464788263
run_1,13.64824120603015,True,4.43946133325292,-0.20247333287248062,0.41583157894478584,1.0,-0.007572255149677712,-0.0009966697825277526,-0.0002871396573296541
run_1,13.71859296482412,True,4.437094122199972,-0.20278459265617513,0.4157418434532738,1.0,-0.0075895809610874035,-0.0009996966725276787,-0.0002875535016944676
run_1,13.78894472361809,True,4.434722756296494,-0.2030966210898003,0.4156520262412785,1.0,-0.0076069166456209465,-0.001002849028656212,-0.00028796390401917096
run_1,13.859296482412061,True,4.432347275741369,-0.20340955896576762,0.4155621321478105,1.0,-0.007624285715001951,-0.0010060584359994724,-0.0002883732166987323
run_1,13.92964824120603,True,4.429967724301819,-0.20372355749136098,0.4154721663707378,1.0,-0.0076417134417999496,-0.0010092513138272921,-0.00028878396930661146
run_1,14.0,True,4.427584058305415,-0.2040385127389855,0.41538212532903923,1.0,-0.007659181658164474,-0.0010124812458069021,-0.00028919432017307614
run_2,0.0,True,0.08,15.0,0.0,1.0,0.4549587605896671,-0.9592310362442809,0.04257660026818493
run_2,0.07035175879396985,True,0.0826019258203016,14.994514093980719,0.0002434903323601018,1.0,0.4549362345494395,-0.9591935266162714,0.04257211197683786
run_2,0.1407035175879397,True,0.0852883396814859,14.988849993461601,0.0004948728266941587,1.0,0.45491303736840866,-0.9591548630064963,0.04256747902705508
run_2,0.21105527638190955,True,0.0880619949169457,14.983001887567294,0.0007544035969327341,1.0,0.454889151214278,-0.9591150121112967,0.04256269679279095
run_2,0.2814070351758794,True,0.0909257217857771,14.976963802907367,0.0010223458708090453,1.0,0.4548645580538524,-0.9590739400132519,0.042557760526272
run_2,0.35175879396984927,True,0.0938823947720149,14.970729673069311,0.0012989671576251237,1.0,0.45483923995197006,-0.9590316126619342,0.04255266541279948
run_2,0.4221105527638191,True,0.09693499864644464,14.96429319856048,0.001584545091435379,1.0,0.4548131785552541,-0.9589879949920198,0.042547406461443636
run_2,0.49246231155778897,True,0.10008662985939752,14.957647843854076,0.0018793675538431212,1.0,0.4547863551196077,-0.9589430509455772,0.04254197850382635
run_2,0.5628140703517588,True,0.1033404965407501,14.950786837389183,0.002183732674000537,1.0,0.45475875055161713,-0.9588967435161877,0.0425363761953198
run_2,0.6331658291457287,True,0.10669991849992469,14.943703171570746,0.002497948828608718,1.0,0.454730345452367,-0.9588490347956726,0.04253059401634748
run_2,0.7035175879396985,True,0.11016832722588916,14.936389602769577,0.0028223346419176476,1.0,0.45470112016379316,-0.9587998860235596,0.042524626273796017
run_2,0.7738693467336684,True,0.11374926588715682,14.928838651322359,0.0031572189857261893,1.0,0.4546710548176922,-0.9587492576394346,0.04251846710254733
run_2,0.8442211055276382,True,0.11744638933178671,14.921042601531632,0.0035029409793821123,1.0,0.4546401293875199,-0.9586971093383151,0.04251211046714043
run_2,0.9145728643216081,True,0.12126346408738331,14.91299350166581,0.0038598499897820695,1.0,0.4546083237431087,-0.958643400129199,0.04250555016357404
run_2,0.9849246231155779,True,0.1252043683610967,14.904683163959174,0.004228305631371607,1.0,0.45457561770844207,-0.9585880883969435,0.0424987798212608
run_2,1.0,True,0.12606533935440645,14.902867585265637,0.004308797975694752,1.0,0.45456849019277534,-0.9585760233512103,0.04249730108268148
run_2,1.0552763819095479,True,0.12927309203962267,14.896103164611867,0.004608677766145167,1.0,0.4545419911226249,-0.958531131967632,0.042491792905145896
run_2,1.1256281407035176,True,0.13347373668920234,14.887244843789905,0.0050013465036460765,1.0,0.4545074239041933,-0.9584724881775959,0.042484582718002734
run_2,1.1959798994974873,True,0.13781051555562265,14.878099305625161,0.005406702200966566,1.0,0.4544718961189112,-0.958412113946259,0.04247714240292005
run_2,1.2663316582914574,True,0.14228776761348286,14.868657388497574,0.005825146678043089,1.0,0.4544353879418219,-0.9583499656666865,0.04246946492294146
run_2,1.3366834170854272,True,0.14691013717461499,14.858909285112391,0.006257108912913571,1.0,0.454397878335632,-0.9582859969013514,0.04246154276778223
run_2,1.407035175879397,True,0.15168227327126824,14.848845178424588,0.006703019265635952,1.0,0.45435934747411433,-0.9582201624502193,0.042453368448200135
run_2,1.4773869346733668,True,0.1566089375410731,14.838455013499756,0.007163318543245592,1.0,0.4543197759929514,-0.9581524170268664,0.04244493432509194
run_2,1.5477386934673367,True,0.16169507643986372,14.827728344771051,0.007638464205533437,1.0,0.45427914453037777,-0.9580827144132018,0.042436232495420584
run_2,1.6180904522613067,True,0.16694582124167714,14.816654336039202,0.008128930365046028,1.0,0.4542374338366208,-0.9580110075776468,0.04242725479661651
run_2,1.6884422110552764,True,0.1723664880387537,14.805221760472488,0.008635207787085467,1.0,0.4541946248896213,-0.957937248800278,0.042417992811362965
run_2,1.758793969849246,True,0.17796257774153712,14.793419000606768,0.009157803889709463,1.0,0.45415069901731603,-0.9578613898052756,0.04240843787279699
run_2,1.8291457286432162,True,0.1837397760786743,14.781234048345457,0.009697242743731318,1.0,0.45410563802677106,-0.9577833819010226,0.04239858107016009
run_2,1.899497487437186,True,0.18970395359701525,14.768654504959539,0.010254065072719875,1.0,0.45405942434045665,-0.9577031761282166,0.042388413254935225
run_2,1.9698492462311559,True,0.19586116566161332,14.755667581087557,0.010828828252999606,1.0,0.45401204113995575,-0.9576207234163532,0.042377925047509236
run_2,2.0,True,0.19856060289837332,14.74997379590883,0.01108078909016131,1.0,0.453991372061243,-0.9575846865483283,0.042373329650092266
run_2,2.0402010050251254,True,0.20221765245572504,14.74226009673563,0.011422106313650546,1.0,0.4539634725173997,-0.9575359747489575,0.042367106844402494
run_2,2.1105527638190957,True,0.20877983898081023,14.728418481277428,0.01203448993650832,1.0,0.4539137036349174,-0.957448881337933,0.04235594882611035
run_2,2.1809045226130657,True,0.215554335056532,14.714128773454195,0.012666586456164138,1.0,0.4538627208923851,-0.9573593948074105,0.04234444096560438
run_2,2.251256281407035,True,0.2225479353207564,14.699376621374745,0.013319019859964788,1.0,0.4538105121037502,-0.9572674673874694,0.04233257303754365
run_2,2.321608040201005,True,0.22976761922955313,14.68414728251544,0.01399243078801266,1.0,0.45375706668219695,-0.9571730521181168,0.04232033462825031
run_2,2.3919597989949746,True,0.23722055105719467,14.668425623720225,0.014687476533165692,1.0,0.45370237583440226,-0.9570761030638861,0.042307715146506324
run_2,2.462311557788945,True,0.24491409069697426,14.652196098586588,0.015404831915499451,1.0,0.45364643269182214,-0.9569765754106582,0.04229470381834278
run_2,2.532663316582915,True,0.25285616190470633,14.635441975238386,0.01614521957697355,1.0,0.4535892300650227,-0.9568744213032441,0.042281289119685095
run_2,2.6030150753768844,True,0.2610547506695312,14.618146384428135,0.016909370272957382,1.0,0.4535307640460436,-0.9567695960692888,0.04226745956695993
run_2,2.6733668341708543,True,0.26951796233867364,14.600292202729674,0.017698026468146263,1.0,0.45347103388421683,-0.9566620578590275,0.04225320365260195
run_2,2.7437185929648242,True,0.27825421656943156,14.581861644920851,0.018511957907436392,1.0,0.4534100409697839,-0.9565517656498974,0.042238509559472275
run_2,2.814070351758794,True,0.28727224732917617,14.562836263983527,0.01935196161592481,1.0,0.45334778913961976,-0.9564386795891184,0.042223365179764466
run_2,2.884422110552764,True,0.2965811028953517,14.543196951103589,0.02021886189890944,1.0,0.4532842849979867,-0.9563227613546347,0.042207758135509935
run_2,2.9547738693467336,True,0.306190145855476,14.522923935670931,0.021113510341889095,1.0,0.45321953825257005,-0.9562039745349967,0.042191675800802304
run_2,3.0,True,0.31253039368796,14.509547171545034,0.021703701923559037,1.0,0.45317726514262574,-0.9561260808185333,0.042181080205453324
run_2,3.0251256281407035,True,0.3161090531071397,14.501996785279463,0.02203678581056341,1.0,0.4531535620659747,-0.9560822850287315,0.04217510532586663
run_2,3.0954773869346734,True,0.3263478158580073,14.480394405727111,0.02298959445083296,1.0,0.4530863734227734,-0.9559576614636832,0.04215803366310674
run_2,3.1658291457286434,True,0.336916739625816,14.458095041015817,0.023972869688799126,1.0,0.453017993512089,-0.9558300756367603,0.04214044759526891
run_2,3.2361809045226133,True,0.3478264442383763,14.43507627335154,0.02498757223076418,1.0,0.4529484481255679,-0.9556995029744382,0.042122333765867125
run_2,3.306532663316583,True,0.3590878638335721,14.411315023144251,0.026034690063231274,1.0,0.4528777680704555,-0.9555659230142795,0.04210367871202027
run_2,3.3768844221105527,True,0.37071224685936083,14.386787549007938,0.027115238452904443,1.0,0.4528059895973085,-0.9554293199076219,0.042084468899856974
run_2,3.4472361809045227,True,0.38271115607377243,14.361469447760605,0.028230259946688534,1.0,0.45273315484168436,-0.9552896829434572,0.042064690762647954
run_2,3.517587939698492,True,0.3950964685449107,14.335335654424268,0.02938082437168934,1.0,0.4526593122789133,-0.95514700709337,0.04204433074182963
run_2,3.5879396984924625,True,0.40788037565095236,14.308360442224966,0.030568028835213458,1.0,0.4525845171908012,-0.9550012935772377,0.04202337533108506
run_2,3.6582914572864325,True,0.421075385954166,14.280517416788712,0.03179299792882707,1.0,0.4525088321286625,-0.9548525504212942,0.04200181111957677
run_2,3.728643216080402,True,0.43469492165117174,14.251778305406933,0.03305692712219272,1.0,0.4524323244911979,-0.9547007872718267,0.04197962398989624
run_2,3.798994974874372,True,0.4487526594823684,14.222114272203402,0.034361038708852196,1.0,0.45235507035457406,-0.9545460224364611,0.04195680008766139
run_2,3.8693467336683423,True,0.46326235265614407,14.191496293722928,0.035706566595762414,1.0,0.45227715587278705,-0.9543882853633247,0.04193332615494932
run_2,3.9396984924623117,True,0.47823829994278927,14.159894216114182,0.03709478886578212,1.0,0.45219867558195914,-0.954227612895125,0.04190918893917007
run_2,4.0,True,0.4914571638947589,14.131999775044822,0.03831967601169361,1.0,0.45213103466670573,-0.9540875912272535,0.04188796198805394
run_2,4.010050251256281,True,0.4936953456744981,14.127276755129717,0.03852702777767192,1.0,0.4521197330431742,-0.9540640501048957,0.04188437526635898
run_2,4.080402010050251,True,0.5096488797453678,14.093611496125959,0.040004649766094254,1.0,0.4520404414904805,-0.9538976511580879,0.04185887211976421
run_2,4.150753768844221,True,0.5261148376113987,14.058864894063205,0.04152906544161338,1.0,0.4519609244794226,-0.9537284801989563,0.04183266672397164
run_2,4.2211055276381915,True,0.5431097002904937,14.023002273505632,0.04310172959069533,1.0,0.4518813165306112,-0.9535566122586642,0.041805746634796845
run_2,4.291457286432161,True,0.5606504943624592,13.985987828621283,0.044724141175708026,1.0,0.45180176376186443,-0.9533821341819587,0.04177809983515598
run_2,4.361809045226131,True,0.5787547919690051,13.947784623182075,0.04639784333492124,1.0,0.45172242450137384,-0.9532051455686421,0.041749714837102846
run_2,4.4321608040201,True,0.5974407108137432,13.908354590563807,0.04812442338250643,1.0,0.4516434698731493,-0.9530257597253767,0.04172058079018974
run_2,4.50251256281407,True,0.6167269141621898,13.867658533746145,0.04990551280853709,1.0,0.45156508434466586,-0.9528441046226356,0.04169068759627005
run_2,4.572864321608041,True,0.6366326108417638,13.825656125312626,0.05174278727898839,1.0,0.4514874662251819,-0.9526603238508341,0.041660026030815304
run_2,4.64321608040201,True,0.6571775552417861,13.782305907450672,0.05363796663573735,1.0,0.45141082810159766,-0.9524745775688674,0.04162858787076234
run_2,4.71356783919598,True,0.6783820473134823,13.737565291951565,0.055592814896562856,1.0,0.45133539719700155,-0.9522870434374638,0.04159636602884093
run_2,4.783919597989949,True,0.7002669325699804,13.69139056021047,0.0576091402551456,1.0,0.4512614156351758,-0.9520979175289279,0.04156335469425591
run_2,4.8542713567839195,True,0.7228536020863117,13.64373686322642,0.05968879508106816,1.0,0.45118914059234294,-0.951907415204063,0.04152954947950962
run_2,4.92462311557789,True,0.7461649513387276,13.594556379714726,0.061833738880426294,1.0,0.4511188419732072,-0.9517157654417494,0.04149494637973857
run_2,4.994974874371859,True,0.7702246832802306,13.543799612174734,0.06404599716206993,1.0,0.45105080454633417,-0.9515232168826001,0.04145954280170387
run_2,5.0,True,0.7719724871146995,13.54011252428714,0.06420664441115802,1.0,0.4510460391447046,-0.9515094361932016,0.04145698334217854
run_2,5.06532663316583,True,0.7950562856889187,13.491417365765175,0.06632759287834197,1.0,0.45098533008145475,-0.9513300454876882,0.04142333901067153
run_2,5.135678391959798,True,0.8206842456341071,13.437358438136206,0.06868062375999247,1.0,0.4509227339022971,-0.9511365470818396,0.04138633681117607
run_2,5.206030150753769,True,0.847134051608472,13.381569615355053,0.07110726245389881,1.0,0.45086334450328475,-0.9509430383749109,0.041348539746712966
run_2,5.276381909547739,True,0.8744321935280449,13.323995671906015,0.07360975652306534,1.0,0.45080750291047256,-0.9507498579301785,0.04130995330872956
run_2,5.346733668341709,True,0.9026061627322157,13.264579370690457,0.07619042844662353,1.0,0.4507555617407667,-0.9505573670536365,0.04127058515140855
run_2,5.417085427135678,True,0.9316844519837336,13.203261463026813,0.0788516756198322,1.0,0.45070788391534083,-0.9503659505937616,0.04123044531121211
run_2,5.4874371859296485,True,0.9616965554687041,13.139980688650592,0.08159597035407704,1.0,0.45066484097957005,-0.9501760176431754,0.041189546429966965
run_2,5.557788944723618,True,0.9926729687965911,13.07467377571437,0.08442585987687097,1.0,0.45062681097833995,-0.9499880021365621,0.04114790398008398
run_2,5.628140703517588,True,1.0246451890002168,13.00727544078779,0.0873439663318541,1.0,0.4505941758323821,-0.9498023633435042,0.041105536490326375
run_2,5.698492462311558,True,1.0576457145357605,12.93771838885757,0.09035298677879354,1.0,0.45056731815848877,-0.9496195862609094,0.041062465770380065
run_2,5.768844221105528,True,1.0917080452827606,12.865933313327492,0.09345569319358367,1.0,0.45054661747425456,-0.9494401819178817,0.04101871713235135
run_2,5.839195979899498,True,1.1268666825441118,12.791848896018415,0.09665493246824591,1.0,0.45053244572660145,-0.949264687616698,0.04097431960723762
run_2,5.909547738693467,True,1.1631571290460683,12.715391807168256,0.09995362641092882,1.0,0.45052516208303145,-0.9490936671476576,0.04092930615440803
run_2,5.9798994974874375,True,1.2006158889382412,12.63648670543202,0.10335477174590817,1.0,0.45052510692562336,-0.9489277110336464,0.04088371386221981
run_2,6.0,True,1.2115382035064348,12.613481980999435,0.10434577313699782,1.0,0.4505264636562527,-0.9488813109330931,0.04087058685929906
run_2,6.050251256281407,True,1.2392804677935993,12.555056237881763,0.1068614401135867,1.0,0.450532594990615,-0.9487674368831873,0.04083758413811355
run_2,6.1206030150753765,True,1.2791905210743573,12.47101837156525,0.11047688205138591,1.0,0.45054790810313433,-0.9486134857590599,0.04079096156764155
run_2,6.190954773869347,True,1.3203880588859904,12.384286608484308,0.11420451734799017,1.0,0.4505712876182963,-0.9484665246657558,0.04074389417888191
run_2,6.261306532663316,True,1.3629148520555028,12.29477578261706,0.11804771009093908,1.0,0.4506029236294699,-0.9483272575868414,0.04069643654576717
run_2,6.331658291457287,True,1.4068143525725367,12.202397036397892,0.12200996570113774,1.0,0.4506429448111004,-0.9481964200751386,0.04064864757017477
run_2,6.402010050251256,True,1.4521317355498617,12.107057717540961,0.12609493496547142,1.0,0.45069140713602507,-0.948074783571646,0.04060059067784881
run_2,6.472361809045227,True,1.498913899223378,12.008661379040182,0.13030641403680623,1.0,0.4507482814376538,-0.947963161413494,0.04055233407125613
run_2,6.542713567839196,True,1.5472094649521115,11.907107779169245,0.13464834443398835,1.0,0.45081343984196615,-0.9478624168572413,0.04050395099613466
run_2,6.613065326633166,True,1.5970687772182197,11.802292881481598,0.1391248130418448,1.0,0.4508866411213033,-0.9477734737436162,0.04045552003278385
run_2,6.683417085427136,True,1.6485439036269876,11.69410885481046,0.14374005211118285,1.0,0.4509675150698441,-0.9476973305865296,0.040407125427607396
run_2,6.7537688442211055,True,1.701688634906828,11.582444073268821,0.1484984392587902,1.0,0.45105554606186726,-0.9476350790590687,0.04035885748606582
run_2,6.824120603015075,True,1.7565584849092835,11.467183116249428,0.15340449746743515,1.0,0.4511500560313872,-0.9475879280779759,0.04031081305525707
run_2,6.894472361809045,True,1.813210690609026,11.3482067684248,0.15846289508586653,1.0,0.45125018720911647,-0.9475572349618194,0.04026309613307907
run_2,6.964824120603015,True,1.8717042121038543,11.225392019747222,0.16367844582881333,1.0,0.451354885074283,-0.9475445454628304,0.040215818651602994
run_2,7.0,True,1.9016603624714692,11.162505766829849,0.1663466976563433,1.0,0.4514085591557731,-0.9475454989467512,0.040192382093964835
run_2,7.035175879396984,True,1.932099732614697,11.098612065448743,0.16905610877698538,1.0,0.4514628821295948,-0.9475516448533741,0.04016910149517159
run_2,7.105527638190955,True,1.994459658485612,10.96773630604118,0.17460098837707277,1.0,0.45157268329325406,-0.9475806226885468,0.04012307582905455
run_2,7.175879396984925,True,2.0588481191837835,10.832630347316119,0.180318334441746,1.0,0.451682553928195,-0.9476339543653829,0.04007788483237725
run_2,7.2462311557788945,True,2.1253309672995275,10.693156000344908,0.18621354214965627,1.0,0.451790511801013,-0.9477146031479028,0.040033685949422936
run_2,7.316582914572865,True,2.193976029888485,10.549158587518688,0.1922925562831875,1.0,0.45189432412996755,-0.9478261533206704,0.039990652389178316
run_2,7.3869346733668335,True,2.264853674997341,10.40046774009642,0.19856190449908512,1.0,0.45199151114146535,-0.9479729741134651,0.039948977046771986
run_2,7.457286432160804,True,2.3380357423184153,10.246945734600487,0.20502716095393825,1.0,0.4520793630407257,-0.9481603850756484,0.039908882452281
run_2,7.527638190954773,True,2.4135957770872007,10.088443350266905,0.21169429623415853,1.0,0.45215496649573894,-0.9483949052356575,0.03987062188827509
run_2,7.597989949748744,True,2.4916090584050115,9.92479758690083,0.21856974848390684,1.0,0.4522152456676315,-0.9486845388674308,0.03983448691867041
run_2,7.668341708542714,True,2.572152599238974,9.755831664876592,0.225660423405093,1.0,0.45225702171238236,-0.9490391138845398,0.03980081688911644
run_2,7.7386934673366845,True,2.6553051464220307,9.58135502513766,0.23297369425737596,1.0,0.4522770942404702,-0.9494706777464419,0.03977001034391969
run_2,7.809045226130653,True,2.741147180652935,9.401163329196688,0.2405174018581632,1.0,0.45227234780006287,-0.9499939514827178,0.03974253848852385
run_2,7.8793969849246235,True,2.8297609164962676,9.21503845913545,0.24829985458261228,1.0,0.4522398851046205,-0.9506268364330852,0.03971896067740684
run_2,7.949748743718593,True,2.921230302382409,9.022748517604912,0.2563298283636286,1.0,0.4521771859332051,-0.9513909584454281,0.03969994164537612
run_2,8.0,True,2.9883613290772715,8.881488481846443,0.26222216922667835,1.0,0.4521127729373186,-0.9520312722492685,0.03968957899454027
run_2,8.020100502512562,True,3.015641020607566,8.824047827825174,0.26461656669186745,1.0,0.4520822856150486,-0.9523122190136044,0.03968626977400943
run_2,8.090452261306533,True,3.1130804873337565,8.618676933585508,0.27316978061573277,1.0,0.4519539587482923,-0.9534213002904532,0.03967887502739255
run_2,8.160804020100501,True,3.2136378525888114,8.406362599244341,0.28199964874137723,1.0,0.4517918810441897,-0.9547540389841783,0.039678844219072106
run_2,8.231155778894472,True,3.3174040002663845,8.186817809729241,0.2911168172327034,1.0,0.45159672353084856,-0.956351540765024,0.03968742988647806
run_2,8.301507537688442,True,3.424471548125937,7.959741770536958,0.30053239981136204,1.0,0.4513701074213928,-0.9582598502950405,0.039706047137850115
run_2,8.371859296482413,True,3.5349348477927465,7.724819907733388,0.310257977756753,1.0,0.451114313681223,-0.9605289214974768,0.03973625027562253
run_2,8.442211055276383,True,3.6488899847579095,7.48172386795358,0.3203055999060258,1.0,0.45083159826255126,-0.9632105484402812,0.039779677645999184
run_2,8.512562814070352,True,3.766436011814268,7.230091373984297,0.3306884307345412,1.0,0.4505228811513689,-0.9663549769910615,0.03983795253863326
run_2,8.582914572864322,True,3.8876801324535517,6.969448517023884,0.34142325278690167,1.0,0.45018546193489617,-0.9700060962664271,0.03991253099492614
run_2,8.653266331658292,True,4.012727170693457,6.699329310568212,0.3525266401194702,1.0,0.44980981092350064,-0.9741923736321701,0.04000441497108294
run_2,8.723618090452263,True,4.141678223708075,6.419248368594056,0.3640158486016138,1.0,0.44937450399867895,-0.9789149762211645,0.04011373980224887
run_2,8.793969849246231,True,4.274626628304501,6.128702849366837,0.37590872062797964,1.0,0.44883895479187547,-0.9841307075966959,0.040239151324272505
run_2,8.8643216080402,True,4.411656197235115,5.827172346499209,0.38822377725910173,1.0,0.44813312735415956,-0.9897282755338361,0.04037688720916244
run_2,8.93467336683417,True,4.5528131826052105,5.514179824072669,0.40097792381497144,1.0,0.44714333376422033,-0.9954940900963625,0.040519394505724365
run_2,9.0,True,4.687570963169029,5.212946201851029,0.4132259005049158,1.0,0.44581665894181527,-1.0006844833708457,0.040644439123327186
run_2,9.00502512562814,True,4.69808242875913,5.18934429595511,0.4141844532523462,1.0,0.44569268927098615,-1.0010651484548347,0.04065331090753571
run_2,9.075376884422111,True,4.847372906934109,4.852415275144531,0.42785159101208375,1.0,0.4435142997715287,-1.0058643315092888,0.04075653123376367
run_2,9.145728643216081,True,5.000466912525569,4.5033828819001185,0.441978335370249,1.0,0.44021552738474,-1.0090106747364527,0.040793944205359485
run_2,9.21608040201005,True,5.1569272651207,4.1427007082967915,0.4565446876708882,1.0,0.4352335190378888,-1.009201657103531,0.04071152898016362
run_2,9.28643216080402,True,5.315963193839009,3.771621024918525,0.47149658305840564,1.0,0.42778893891055053,-1.0045812452892613,0.04042916190063948
run_2,9.35678391959799,True,5.476410019429147,3.392259052735762,0.48674311727067376,1.0,0.41684897452324743,-0.9926301960352134,0.03983365826049463
run_2,9.42713567839196,True,5.636461022070274,3.0082334083682665,0.5021250626830467,1.0,0.4011614666870592,-0.9701824120345324,0.038777995638473214
run_2,9.49748743718593,True,5.793559301348856,2.6250210652558295,0.5173978940289671,1.0,0.3794395042895931,-0.9337567665623048,0.03709857015399643
run_2,9.567839195979898,True,5.944550218493057,2.249877413333343,0.5322402783851454,1.0,0.35077006535425204,-0.8803613997691281,0.034662980820199675
run_2,9.638190954773869,True,6.0857159904754,1.8917854730105466,0.5462573003335782,1.0,0.3152581023237661,-0.80886716249942,0.03145028412608339
run_2,9.708542713567839,True,6.21343187339957,1.5602726881832134,0.5590516375194766,1.0,0.27454542795355785,-0.7214635129523611,0.027618883972757663
run_2,9.77889447236181,True,6.325071620554135,1.2633318129025828,0.5703258944214965,1.0,0.2316446174189514,-0.624040699167769,0.023488855828086942
run_2,9.84924623115578,True,6.419474460218204,1.0059147937848947,0.5799370793954042,1.0,0.19001179791069542,-0.5247409795471316,0.0194319088378703
run_2,9.919597989949748,True,6.497078442884937,0.7890609904591422,0.5879107390605404,1.0,0.15236611054069724,-0.43113509137044675,0.015739713752706507
run_2,9.989949748743719,True,6.559431227910938,0.6105696120794405,0.5943893326815576,1.0,0.12013070939141045,-0.3481969533995823,0.012566082094073163
run_2,10.0,True,6.5672164751903885,0.587964679599125,0.5952045237888981,1.0,0.11599244424733146,-0.33736653357675583,0.012157978136287604
run_2,10.06030150753769,True,6.608703788391405,0.46606577053565734,0.5995812134529347,1.0,0.09353882001639262,-0.2778826236358973,0.009941069226357013
run_2,10.13065326633166,True,6.647139562744276,0.35044336911712914,0.6037043507409413,1.0,0.07212727231768261,-0.2200340210779304,0.007822890407711643
run_2,10.201005025125628,True,6.676806975567396,0.25865719600313114,0.6069608937664096,1.0,0.05513871194994358,-0.17335888081115303,0.006139177889023679
run_2,10.271356783919597,True,6.699479075680278,0.1861767677964633,0.6095248296074337,1.0,0.041774907560488135,-0.13616352503212356,0.004812608960420334
run_2,10.341708542713567,True,6.716623688585626,0.12913211247000736,0.6115406270881811,1.0,0.031311255773770925,-0.10674921562210314,0.0037725148431797255
run_2,10.412060301507537,True,6.729420354046127,0.08433671480892121,0.6131246812920741,1.0,0.023138802769959166,-0.08360176901274533,0.0029592317715382258
run_2,10.482412060301508,True,6.738809619116989,0.049206334399948135,0.6143699915562864,1.0,0.016762553113590106,-0.06543997547564841,0.0023240828778187455
run_2,10.552763819095478,True,6.745532192077107,0.021677277079655652,0.6153499299118881,1.0,0.011789390729674972,-0.051216925927070965,0.0018282930798812769
run_2,10.623115577889449,True,6.750169887990597,0.00011261385683787356,0.616122207544469,1.0,0.00791015770440035,-0.04009168346515363,0.001441291626703613
run_2,10.693467336683417,True,6.7531786580555515,-0.01678103641080198,0.6167321056447878,1.0,0.004882832013839549,-0.03139526889805483,0.0011390959913097863
run_2,10.763819095477388,True,6.754913868806201,-0.030017618579425764,0.6172149475124155,1.0,0.002519303074418321,-0.02460137555455684,0.0009030340637517576
run_2,10.834170854271356,True,6.755654597140292,-0.040397323985202196,0.6175984947182158,1.0,0.0006722790354367044,-0.01929392572592374,0.0007184645102853632
run_2,10.904522613065327,True,6.755616549729782,-0.04854082989805118,0.6179042169303989,1.0,-0.0007717656728861665,-0.015149942512660835,0.0005740900511386725
run_2,10.974874371859297,True,6.754970554808464,-0.05494112307756424,0.6181491249388354,1.0,-0.0019024841030371956,-0.011912844365342618,0.0004609805140568319
run_2,11.0,True,6.754618342193926,-0.056879181738335824,0.6182244272512575,1.0,-0.002243913930367277,-0.010937639656543824,0.0004268121568999155
run_2,11.045226130653266,True,6.75384737661713,-0.059976408652221716,0.6183462444594897,1.0,-0.0027883663893156665,-0.009385796787489449,0.0003723090324948719
run_2,11.115577889447236,True,6.752350652515143,-0.06394692420173916,0.6185059015268926,1.0,-0.003483575156244264,-0.0074125741872630374,0.000302673582995275
run_2,11.185929648241206,True,6.750561424823679,-0.06708780721395416,0.6186361725873065,1.0,-0.0040304032583656476,-0.005870853690203891,0.0002478540383241362
run_2,11.256281407035177,True,6.748541113215958,-0.06957741921287085,0.618743179033834,1.0,-0.004460863546580697,-0.004667866722216305,0.00020465499174229508
run_2,11.326633165829147,True,6.746339537844925,-0.07156055687335958,0.6188318865353746,1.0,-0.004800889077113781,-0.0037283208172010753,0.0001704870708957852
run_2,11.396984924623116,True,6.743995333333929,-0.0731495903347695,0.6189061459462322,1.0,-0.005070575546077004,-0.0029937957678077493,0.00014334330773996612
run_2,11.467336683417086,True,6.741537178611967,-0.07442795464531854,0.618968815459968,1.0,-0.005284829446643409,-0.0024209199235890005,0.00012173476232729342
run_2,11.537688442211056,True,6.738988737046589,-0.07546451759665491,0.6190222532205278,1.0,-0.005455940377184052,-0.001973900013194943,0.00010443368393726337
run_2,11.608040201005025,True,6.736369024596846,-0.07631464236931768,0.6190683539914278,1.0,-0.005593779441757118,-0.0016239654074632303,9.045381522538805e-05
run_2,11.678391959798995,True,6.7336914854771,-0.07701746389570338,0.6191084568025579,1.0,-0.0057053217284647505,-0.0013507799129821815,7.909821111801297e-05
run_2,11.748743718592964,True,6.730966810241272,-0.07760409898452818,0.6191436260358846,1.0,-0.005796110273228821,-0.0011381752587794462,6.981297783661878e-05
run_2,11.819095477386934,True,6.728204156966386,-0.07810120636166078,0.6191747732430267,1.0,-0.005870891146391221,-0.0009723009601453026,6.212382684370154e-05
run_2,11.889447236180905,True,6.725410823874839,-0.07853002882373936,0.6192026244737993,1.0,-0.0059334447480036785,-0.0008421211226945666,5.565295580165523e-05
run_2,11.959798994974875,True,6.722591494874897,-0.07890418352652993,0.6192276449730147,1.0,-0.0059861944702953454,-0.0007405614525124107,5.0158178054022816e-05
run_2,12.0,True,6.720970256835628,-0.07909773808760769,0.6192408182041266,1.0,-0.0060126998960677615,-0.000693145191379804,4.7380150748088204e-05
run_2,12.030150753768845,True,6.719749971691944,-0.07923471650216815,0.6192502119882994,1.0,-0.006031105597439138,-0.000661883681065314,4.544308443804549e-05
run_2,12.100502512562814,True,6.716889675745059,-0.07953156712681575,0.6192706648404336,1.0,-0.006069945831851354,-0.000600924813805796,4.133100690320213e-05
run_2,12.170854271356784,True,6.714013624873331,-0.07980350010232966,0.6192893026011203,1.0,-0.006104273438222902,-0.000553132350036952,3.7666205963266084e-05
run_2,12.241206030150753,True,6.71112380527259,-0.08005626994549418,0.6193063214254542,1.0,-0.0061351114965896006,-0.0005155173772960397,3.434643265899033e-05
run_2,12.311557788944723,True,6.708221334210759,-0.08029309473441842,0.6193218307823349,1.0,-0.006163032315234426,-0.00048640838353658186,3.131449293054341e-05
run_2,12.381909547738694,True,6.705307272841284,-0.08051702965804465,0.6193359345506388,1.0,-0.0061885790541934904,-0.000464218574829166,2.8516105064955674e-05
run_2,12.452261306532662,True,6.702382658573417,-0.08073106149295423,0.6193487342487206,1.0,-0.00621228252327603,-0.00044739680468910856,2.589822089584182e-05
run_2,12.522613065326633,True,6.699448505072214,-0.08093810860336774,0.6193603290344136,1.0,-0.006234661197265118,-0.00043442756929259064,2.3409024459193404e-05
run_2,12.592964824120603,True,6.696505639291346,-0.08114054480344834,0.6193707994450931,1.0,-0.006256136716437219,-0.00042407824031916923,2.1006378402061115e-05
run_2,12.663316582914574,True,6.693554283255172,-0.08133897707467605,0.6193801656696385,1.0,-0.006276817001728423,-0.0004160336997691806,1.8679503322535426e-05
run_2,12.733668341708544,True,6.690594615591873,-0.08153388577449347,0.6193884435742073,1.0,-0.006296787466176158,-0.00041004459908830683,1.641986954997298e-05
run_2,12.804020100502512,True,6.68762685242368,-0.08172586101885443,0.6193956527730193,1.0,-0.0063161529707053445,-0.0004058046179913394,1.4217003386448141e-05
run_2,12.874371859296483,True,6.684651245073013,-0.08191559598155682,0.61940181639949,1.0,-0.006335036627606506,-0.0004029539494090896,1.2058606698535994e-05
run_2,12.944723618090453,True,6.68166808006248,-0.08210388689424256,0.6194069611062296,1.0,-0.0063535797934044565,-0.0004010793052090423,9.93055762201801e-06
run_2,13.0,True,6.679319071115983,-0.08225139892876002,0.6194103081041731,1.0,-0.006368013885123408,-0.00039998888792829756,8.269485605351029e-06
run_2,13.015075376884422,True,6.678677679114876,-0.08229163304639767,0.619411117065044,1.0,-0.006371942061614383,-0.00039971392212691356,7.81691127631933e-06
run_2,13.085427135678392,True,6.675680220336026,-0.08247931427315511,0.6194143001257599,1.0,-0.0063902085657297925,-0.0003986088471271708,5.709165553211007e-06
run_2,13.15577889447236,True,6.672675639694537,-0.08266670282923384,0.6194165019860849,1.0,-0.006408338902895622,-0.00039788250184723804,3.6113667110370034e-06
run_2,13.226130653266331,True,6.669663940929534,-0.08285376897082689,0.6194177211122971,1.0,-0.006426327802024792,-0.00039755050255730587,1.5240493721579948e-06
run_2,13.296482412060302,True,6.666645145723218,-0.08304053544788417,0.6194179577680132,1.0,-0.006444179303666649,-0.00039760121149577275,-5.53182580473537e-07
run_2,13.366834170854272,True,6.6636192936937375,-0.0832270774833078,0.6194172140134777,1.0,-0.006461906752500708,-0.0003979957504723565,-2.6216552601717797e-06
run_2,13.437185929648242,True,6.6605864423951875,-0.08341352277295185,0.6194154937055627,1.0,-0.0064795327934991116,-0.00039866800377599365,-4.683624400234731e-06
run_2,13.507537688442211,True,6.6575466673176145,-0.08360005148562252,0.6194128024977686,1.0,-0.006497089368068266,-0.00039952462117121934,-6.742274975754718e-06
run_2,13.577889447236181,True,6.6545000618870125,-0.08378689626307809,0.6194091478402233,1.0,-0.006514617710159909,-0.0004004450209974574,-8.801720822748513e-06
run_2,13.64824120603015,True,6.651446735864606,-0.0839743375406013,0.6194045388199714,1.0,-0.006532167512799894,-0.0004012838224230789,-1.0866921332904269e-05
run_2,13.71859296482412,True,6.64838666339853,-0.08416225934230351,0.6193989710004154,1.0,-0.006549718184951849,-0.0004021014265356978,-1.2935810305042612e-05
run_2,13.78894472361809,True,6.6453198004753915,-0.0843504925987637,0.6193924381400137,1.0,-0.006567239732091054,-0.00040298578785010446,-1.5005381502223e-05
run_2,13.859296482412061,True,6.642246170569273,-0.08453906554010208,0.6193849407379302,1.0,-0.00658473713730764,-0.00040392244274492284,-1.707612499027976e-05
run_2,13.92964824120603,True,6.639165794972618,-0.08472800003537061,0.6193764790828465,1.0,-0.006602214254956768,-0.0004049002301165734,-1.914841796331982e-05
run_2,14.0,True,6.636078692796229,-0.08491731159255303,0.6193670532529627,1.0,-0.006619673811126348,-0.00040591129101811164,-2.1222524788899824e-05
run_3,0.0,True,0.12,20.0,0.0,1.0,0.4538889074253535,-0.9567829903122922,0.04227533480147778
run_3,0.07035175879396985,True,0.12389354732568195,19.991792499842536,0.000362629288761191,1.0,0.45386268510542993,-0.9567345881111646,0.0422689847201473
run_3,0.1407035175879397,True,0.12791318635980212,19.983319140284564,0.0007369670412740846,1.0,0.45383574597355325,-0.9566847547724738,0.04226243265124595
run_3,0.21105527638190955,True,0.13206300902285253,19.974571291065583,0.0011233906104054327,1.0,0.4538080755771783,-0.9566334529609818,0.042255672325598605
run_3,0.2814070351758794,True,0.1363472225599724,19.96554007856026,0.0015222878830141785,1.0,0.4537796596932774,-0.9565806449473132,0.04224869732105165
run_3,0.35175879396984927,True,0.14077011183443358,19.956216465132954,0.0019340541881299072,1.0,0.45375048462593015,-0.9565262931075514,0.04224150112229445
run_3,0.4221105527638191,True,0.14533612326840387,19.946591072495778,0.002359099432315061,1.0,0.4537205367495611,-0.9564703590148789,0.04223407699413174
run_3,0.49246231155778897,True,0.15004986659028693,19.936654178031436,0.0027978482474653806,1.0,0.45368980258066777,-0.9564128035045664,0.04222641798220999
run_3,0.5628140703517588,True,0.15491611483472212,19.926395714793216,0.003250739990809905,1.0,0.4536582688652543,-0.9563535867643106,0.04221851691671236
run_3,0.6331658291457287,True,0.15993980434258478,19.915805271505004,0.003718228744910973,1.0,0.4536259226711257,-0.9562926684296781,0.042210366416348226
run_3,0.7035175879396985,True,0.16512603476098608,19.90487209256127,0.004200783317664223,1.0,0.45359275148525846,-0.9562300076848799,0.04220195889265937
run_3,0.7738693467336684,True,0.170480069043273,19.89358507802708,0.004698887242298592,1.0,0.45355874331645435,-0.9561655633691157,0.0421932865546673
run_3,0.8442211055276382,True,0.1760073334490284,19.88193278363808,0.005213038777376321,1.0,0.45352388680349576,-0.9560992940887258,0.04218434141388665
run_3,0.9145728643216081,True,0.181713417544071,19.869903420800526,0.0057437509067929425,1.0,0.4534881713290149,-0.9560311583353923,0.04217511528973206
run_3,0.9849246231155779,True,0.18760407420045522,19.85748485659125,0.006291551339777289,1.0,0.4534515871392922,-0.9559611146106294,0.042165599815347475
run_3,1.0,True,0.18889093607318724,19.854771908129624,0.006411212180997452,1.0,0.4534436337865936,-0.9559458530342801,0.042163522322647785
run_3,1.0552763819095479,True,0.1936852195964715,19.84466461375767,0.0068569825108915,1.0,0.45341412547019516,-0.9558891215568117,0.04215578644388834
run_3,1.1256281407035176,True,0.199962933216646,19.831429870717805,0.007440601580031002,1.0,0.4533757786794676,-0.9558151380949829,0.04214566645528955
run_3,1.1959798994974873,True,0.20644347301564986,19.817767429902965,0.008042981675770904,1.0,0.45333654030048215,-0.9557391234043329,0.04213523094080789
run_3,1.2663316582914574,True,0.21313349777289603,19.80366325269999,0.008664730413605947,1.0,0.45329640394486787,-0.9556610346449392,0.042124470474979234
run_3,1.3366834170854272,True,0.22003970436600356,19.789103215488815,0.00930646060107663,1.0,0.4532553654998293,-0.9555808310672287,0.042113375664538
run_3,1.407035175879397,True,0.2271689573323403,19.774072840743376,0.00996880037473435,1.0,0.45321342257071623,-0.9554984727930245,0.042101936967764646
run_3,1.4773869346733668,True,0.23452838488283165,19.758557096834906,0.010652400992797064,1.0,0.45317057413724454,-0.9554139199753379,0.04209014456185338
run_3,1.5477386934673367,True,0.2421253789019609,19.74254039803195,0.011357936835149313,1.0,0.45312682076050675,-0.9553271330153331,0.042077988354514484
run_3,1.6180904522613067,True,0.24996759494776852,19.72600660450032,0.01208610540334219,1.0,0.4530821648005846,-0.9552380727908162,0.04206545799650561
run_3,1.6884422110552764,True,0.25806295225185316,19.708939022303152,0.012837627320593379,1.0,0.4530366106450578,-0.9551467008966291,0.04205254289515898
run_3,1.758793969849246,True,0.2664196337193709,19.69132040340086,0.013613246331787121,1.0,0.4529901649486762,-0.9550529798973215,0.04203923222897637
run_3,1.8291457286432162,True,0.2750460859290355,19.67313294565115,0.01441372930347425,1.0,0.4529428368844319,-0.9549568735924385,0.04202551496336645
run_3,1.899497487437186,True,0.2839510191331184,19.65435829280904,0.015239866223872136,1.0,0.45289463840622224,-0.9548583472947539,0.0420113798676038
run_3,1.9698492462311559,True,0.29314340725744875,19.63497753452683,0.016092470202864757,1.0,0.45284558452325346,-0.9547573681217182,0.04199681553309219
run_3,2.0,True,0.2971732784384985,19.62648114884581,0.016466180479783307,1.0,0.45282430399405477,-0.954713332744783,0.0419904394145138
run_3,2.0402010050251254,True,0.3026324879014132,19.614971206354113,0.016972377472002635,1.0,0.45279569358626504,-0.9546539053003682,0.041981810393018355
run_3,2.1105527638190957,True,0.31242776233795644,19.594319289737786,0.017880447384502896,1.0,0.45274498758559567,-0.9545479304858759,0.04196635274348624
run_3,2.1809045226130657,True,0.32253899551358045,19.57300121202204,0.018817562415249196,1.0,0.4526934924610218,-0.9544394180938683,0.041950430766225004
run_3,2.251256281407035,True,0.3329762160483449,19.55099584644835,0.01978462816079178,1.0,0.452641238423208,-0.9543283456465549,0.04193403255296656
run_3,2.321608040201005,True,0.3437497162358673,19.528281512155502,0.020782573339347483,1.0,0.4525882602864998,-0.9542146941326363,0.04191714613159178
run_3,2.3919597989949746,True,0.3548704079594266,19.504835248038304,0.021812376820187787,1.0,0.4525345962886794,-0.9540984450564588,0.041899758994989954
run_3,2.462311557788945,True,0.3663495780326121,19.480633299250645,0.022875051280220625,1.0,0.4524802895586864,-0.9539795831054962,0.04188185845841246
run_3,2.532663316582915,True,0.37819852898207607,19.455651855854725,0.023971614998384995,1.0,0.4524253900477789,-0.9538580999660239,0.041863432204394556
run_3,2.6030150753768844,True,0.3904290086804079,19.429866183402865,0.025103123259439176,1.0,0.45236995311501554,-0.9537339908171231,0.04184446772698858
run_3,2.6733668341708543,True,0.40305321089583973,19.403250621820703,0.02627066839488872,1.0,0.45231403999795994,-0.9536072548463307,0.04182495237176426
run_3,2.7437185929648242,True,0.41608377529224655,19.37577858540721,0.027475379782986444,1.0,0.4522577183001674,-0.9534778957900127,0.041804873379563526
run_3,2.814070351758794,True,0.42953378742914583,19.347422562834677,0.028718423848732414,1.0,0.45220106249181935,-0.9533459224927052,0.04178421793340762
run_3,2.884422110552764,True,0.44341677876169805,19.318154117148698,0.030001004063873984,1.0,0.45214415442191164,-0.9532113494845188,0.041762973208719016
run_3,2.9547738693467336,True,0.4577467266407059,19.287943885768215,0.03132436094690575,1.0,0.4520870838400214,-0.9530741975754282,0.041741126427018
run_3,3.0,True,0.4672015475402372,19.268011650700046,0.032197215729389474,1.0,0.45205035509888813,-0.9529846792542302,0.04172675824187623
run_3,3.0251256281407035,True,0.47253805431261603,19.256761580485477,0.0326897720630696,1.0,0.45202994892525233,-0.9529344944649408,0.04171866491324882
run_3,3.0954773869346734,True,0.4878056309195165,19.22457598746606,0.03409855202435467,1.0,0.4519728568194659,-0.9527922753652732,0.041695576156883365
run_3,3.1658291457286434,True,0.5035647714991389,19.191354967248863,0.035552052489497374,1.0,0.4519159241613697,-0.9526475836357566,0.041671847876939096
run_3,3.2361809045226133,True,0.5198312369848574,19.1570654547461,0.03705166216398137,1.0,0.45185927761742006,-0.9525004714257433,0.041647468091034
run_3,3.306532663316583,True,0.5366212342056887,19.121673459243315,0.0385988068000376,1.0,0.4518030544048196,-0.9523510003227929,0.04162242518858314
run_3,3.3768844221105527,True,0.5539514158862932,19.085144064399376,0.040194949196644306,1.0,0.45174740280114917,-0.9521992420023678,0.041596708008217985
run_3,3.4472361809045227,True,0.5718388806469729,19.04744142824646,0.04184158919952694,1.0,0.4516924826343373,-0.9520452788746883,0.04157030591948189
run_3,3.517587939698492,True,0.5903012713825551,19.008528594184707,0.04354027021193455,1.0,0.4516384655104422,-0.9518892040289334,0.04154320878718858
run_3,3.5879396984924625,True,0.6093576776454143,18.968365735432226,0.04529264115831807,1.0,0.451585533220628,-0.951731115560999,0.04151540593663358
run_3,3.6582914572864325,True,0.6290270126849421,18.926913249325786,0.047100351627960044,1.0,0.45153388221118856,-0.9515711287790174,0.04148688824736912
run_3,3.728643216080402,True,0.6493286646435827,18.88413054386477,0.04896509124644508,1.0,0.45148372230850986,-0.9514093722521666,0.04145764747383457
run_3,3.798994974874372,True,0.670282811719569,18.83997543690257,0.05088861006237978,1.0,0.45143527643893855,-0.9512459863707271,0.0414276759754286
run_3,3.8693467336683423,True,0.6919104221669209,18.794404156146605,0.05287271854739274,1.0,0.45138878106808583,-0.9510811241242494,0.041396966840018416
run_3,3.9396984924623117,True,0.7142332542954469,18.74737133915832,0.05491928759613452,1.0,0.4513444865603942,-0.9509149518453102,0.041365514013018474
run_3,4.0,True,0.733937520778158,18.705858684661766,0.0567246654846244,1.0,0.45130847167518023,-0.9507716121175109,0.04133795866190319
run_3,4.010050251256281,True,0.7372738564707433,18.69883003335318,0.05703024852627778,1.0,0.45130265744168774,-0.9507476499081754,0.041333312431783197
run_3,4.080402010050251,True,0.7610555671141941,18.64873169600067,0.05920759307851707,1.0,0.4512635725453647,-0.950579413370653,0.04130035816495269
run_3,4.150753768844221,True,0.785602514702972,18.597026194224316,0.0614533734165691,1.0,0.4512275250207181,-0.9504104525464473,0.04126664855627323
run_3,4.2211055276381915,True,0.810939617770037,18.543661805001648,0.06376970212717235,1.0,0.451194822179585,-0.9502409934944398,0.04123218237228121
run_3,4.291457286432161,True,0.8370925849041367,18.488585215164232,0.06615875222008748,1.0,0.4511657851551491,-0.9500712784105804,0.04119695995309437
run_3,4.361809045226131,True,0.8640879147498077,18.431741521397655,0.06862275712809712,1.0,0.45114074834430445,-0.9499015659075611,0.04116098336539441
run_3,4.4321608040201,True,0.8919528960073735,18.37307423024152,0.07116401070700583,1.0,0.45112005860253906,-0.9497321311672424,0.04112425655651466
run_3,4.50251256281407,True,0.9207156074329469,18.312525258089472,0.0737848672356403,1.0,0.4511040741579086,-0.9495632659510231,0.04108678550836574
run_3,4.572864321608041,True,0.9504049178384282,18.250034931189155,0.07648774141584916,1.0,0.45109316320836024,-0.9493952784541281,0.04104857838974464
run_3,4.64321608040201,True,0.9810504860915034,18.18554198564226,0.07927510837250287,1.0,0.4510877021645602,-0.9492284929912838,0.041009645705382854
run_3,4.71356783919598,True,1.012683582191145,18.1189820393186,0.08214955862309962,1.0,0.45108807359098313,-0.9490632459278873,0.040969999564034645
run_3,4.783919597989949,True,1.0453375291201867,18.050286765516507,0.08511382882579137,1.0,0.4510946644125807,-0.9488998839047259,0.04092965340351639
run_3,4.8542713567839195,True,1.079045028412156,17.979388856276547,0.08817062378632634,1.0,0.4511078627108659,-0.9487387748037914,0.04088862498546199
run_3,4.92462311557789,True,1.1138401465623795,17.906218320956267,0.09132274902766821,1.0,0.45112805417685936,-0.9485802978871063,0.04084693438758661
run_3,4.994974874371859,True,1.1497584070930988,17.83070231485411,0.09457311693925116,1.0,0.45115561847843016,-0.948424842825478,0.04080460406654018
run_3,5.0,True,1.1523679426548714,17.825216581707814,0.09480912447879118,1.0,0.4511578793213596,-0.9484138650203967,0.040801556637109555
run_3,5.06532663316583,True,1.1868367905534722,17.75276513920942,0.09792474677698003,1.0,0.45119092499866037,-0.9482728090093951,0.04076165900948856
run_3,5.135678391959798,True,1.2251137345195713,17.672328241202436,0.1013807646632299,1.0,0.4512343278858199,-0.9481246047569449,0.04071812687254328
run_3,5.206030150753769,True,1.2646291335943864,17.589310213954292,0.10494440358684676,1.0,0.4512861603620446,-0.9479806464697851,0.04067403810364814
run_3,5.276381909547739,True,1.3054243394078207,17.503626796527026,0.10861900340314685,1.0,0.45134672824151323,-0.9478413578119306,0.040629426047729414
run_3,5.346733668341709,True,1.3475421606166922,17.415190873923567,0.11240801083391691,1.0,0.4514163026149164,-0.9477071690162665,0.04058432703229561
run_3,5.417085427135678,True,1.391026862904736,17.32391247708775,0.11631497946741427,1.0,0.45149511166583695,-0.9475785164617629,0.04053878043228939
run_3,5.4874371859296485,True,1.435924168982603,17.229698782904293,0.12034356975836691,1.0,0.45158333159694775,-0.9474558427121272,0.04049282871391602
run_3,5.557788944723618,True,1.4822812585878564,17.132454114198836,0.12449754902797303,1.0,0.4516810766604418,-0.9473395972661808,0.040446517458482156
run_3,5.628140703517588,True,1.530146768484979,17.03207993973789,0.12878079146390162,1.0,0.4517883883087731,-0.9472302383442217,0.040399895369078564
run_3,5.698492462311558,True,1.5795707924653664,16.928474874228886,0.13319727812029206,1.0,0.4519052235097021,-0.947128236126162,0.040353014265351005
run_3,5.768844221105528,True,1.6306048813473293,16.821534678320134,0.1377510969177544,1.0,0.4520314423052451,-0.9470340779701,0.0403059290747765
run_3,5.839195979899498,True,1.683302062811558,16.711152161850112,0.1424464462277875,1.0,0.45216679480999233,-0.946948276228634,0.04025869780647947
run_3,5.909547738693467,True,1.7377184011362599,16.59721137143099,0.14728785759090915,1.0,0.4523109127939632,-0.9468713767618171,0.0402113798420124
run_3,5.9798994974874375,True,1.7939121675264815,16.47959545956183,0.15227991935963534,1.0,0.4524632919901692,-0.9468039796699644,0.04016403791633117
run_3,6.0,True,1.8103023051034488,16.445299455341797,0.15373453914307278,1.0,0.45250825848381326,-0.9467865610294238,0.04015051648644227
run_3,6.050251256281407,True,1.8519431108552233,16.358185992781753,0.1574272840872437,1.0,0.45262327696948085,-0.9467467612535654,0.04011673856999676
run_3,6.1206030150753765,True,1.9118730603224041,16.232859010758713,0.16273481032844006,1.0,0.4527900503682984,-0.9467005020209317,0.04006955156129187
run_3,6.190954773869347,True,1.9737659254548567,16.10348502628945,0.1682075626393581,1.0,0.4529626206062827,-0.946666126362182,0.04002255046002444
run_3,6.261306532663316,True,2.0376876961063264,15.969929025299525,0.17385081157755924,1.0,0.45313981124421987,-0.9466447543224933,0.03997581350238326
run_3,6.331658291457287,True,2.1037064424574767,15.832050466843299,0.17967003370203305,1.0,0.45332025296168127,-0.9466377686146579,0.0399294248005857
run_3,6.402010050251256,True,2.1718923150158833,15.68970328310394,0.185670911573197,1.0,0.4535023794333212,-0.9466469007183334,0.03988347602625337
run_3,6.472361809045227,True,2.2423175446160406,15.542735879393426,0.19185933375289657,1.0,0.4536844287605294,-0.946674340744138,0.039838068716770036
run_3,6.542713567839196,True,2.315056442419352,15.39099113415254,0.19824139480440495,1.0,0.4538644525879859,-0.9467228766948678,0.039793317389731034
run_3,6.613065326633166,True,2.3901853999141403,15.234306398950874,0.2048233952924234,1.0,0.454040335618138,-0.9467960698166584,0.039749353692019485
run_3,6.683417085427136,True,2.4677828889156443,15.072513498486824,0.21161184178308134,1.0,0.45420982894191747,-0.9468984738532659,0.03970633185637105
run_3,6.7537688442211055,True,2.5479294615660133,14.905438730587598,0.21861344684393574,1.0,0.45437060143118496,-0.9470359071018783,0.03966443578762822
run_3,6.824120603015075,True,2.6307077503343135,14.732902866209203,0.22583512904397177,1.0,0.4545203143649807,-0.9472157870483071,0.03962388814939052
run_3,6.894472361809045,True,2.7162024680165286,14.554721149436459,0.23328401295360252,1.0,0.4546567254252687,-0.9474475377493,0.039584961862578934
run_3,6.964824120603015,True,2.8045004077355506,14.370703297483,0.24096742914466876,1.0,0.4547778290703623,-0.9477430795845295,0.03954799444926753
run_3,7.0,True,2.849728306191508,14.276444741692757,0.24489943739698156,1.0,0.454832122986281,-0.9479193207582297,0.039530372707921306
run_3,7.035175879396984,True,2.895699712372392,14.18061916798116,0.24889403221837406,1.0,0.45488204850871267,-0.9481174620771807,0.03951340178245909
run_3,7.105527638190955,True,2.9899269400200366,13.984125300350003,0.25707609915452656,1.0,0.45496846729024826,-0.9485897261249939,0.039481695364576956
run_3,7.175879396984925,True,3.087252384208538,13.781070928544848,0.2655195291655889,1.0,0.45503706361165097,-0.9491831872044667,0.039453541555528424
run_3,7.2462311557788945,True,3.1877489468383557,13.571291728301373,0.2742306975834355,1.0,0.4550891460660168,-0.9499264639852526,0.03942976049457388
run_3,7.316582914572865,True,3.2915010801057574,13.354577579254407,0.283217514952936,1.0,0.4551277598330026,-0.9508544218714999,0.039411356077903234
run_3,7.3869346733668335,True,3.398604786502807,13.130672564937937,0.2924894270319543,1.0,0.4551581272508951,-0.9520090692935688,0.039399552579370764
run_3,7.457286432160804,True,3.509167618817376,12.899274972785095,0.3020574147913495,1.0,0.4551881081537948,-0.9534403544461226,0.03939583179669735
run_3,7.527638190954773,True,3.6233086801331393,12.660037294128168,0.3119339944149752,1.0,0.4552286348781561,-0.9552067209842783,0.03940196741383227
run_3,7.597989949748744,True,3.7411586238295693,12.412566224198603,0.32213321729967975,1.0,0.4552940496311484,-0.9573752236853501,0.0394200515631143
run_3,7.668341708542714,True,3.862859653581948,12.156422662126985,0.3326706700553064,1.0,0.4554022393326371,-0.9600209437957203,0.039452506547328174
run_3,7.7386934673366845,True,3.9885655233613573,11.891121710943064,0.343563474504693,1.0,0.45557442919893215,-0.9632253905884433,0.03950207254973923
run_3,7.809045226130653,True,4.118441537434678,11.616132677575743,0.3548302876836721,1.0,0.45583446928565297,-0.9670735501901352,0.03957176032703573
run_3,7.8793969849246235,True,4.252664550364605,11.330879072853062,0.3664913018410717,1.0,0.45620744048147704,-0.9716492722204347,0.039664756987972616
run_3,7.949748743718593,True,4.391422967009626,11.034738611502224,0.3785682444387135,1.0,0.4567174339793789,-0.9770288001960004,0.039784273854874444
run_3,8.0,True,4.4934232048624,10.816176025888964,0.3874621073601565,1.0,0.45717695148406334,-0.9813977821887163,0.03988756730062427
run_3,8.020100502512562,True,4.534916742524035,10.727043212149587,0.391084378151415,1.0,0.45738443656615263,-0.9832724781958502,0.03993332897844763
run_3,8.090452261306533,True,4.683357382357932,10.407078997320653,0.4040645008669876,1.0,0.4582203909938025,-0.9904150074658131,0.040114463734212014
run_3,8.160804020100501,True,4.836967942257213,10.074086293440082,0.417534945686238,1.0,0.4592246863497537,-0.9984550441367692,0.04032940287206482
run_3,8.231155778894472,True,4.995987910096797,9.727247763266567,0.4315253485739054,1.0,0.4603796670252086,-1.0073461101507466,0.040578700695826246
run_3,8.301507537688442,True,5.1606774154182915,9.365675285435133,0.44607134659809194,1.0,0.46164672648118327,-1.0169899476021234,0.04086140248140053
run_3,8.371859296482413,True,5.3312823224799555,8.988492327344371,0.4612076169755713,1.0,0.46296259736726514,-1.0272280453896474,0.041174589211850646
run_3,8.442211055276383,True,5.508030627806396,8.59484337364789,0.4769692774729435,1.0,0.46423762283143316,-1.0378403951158963,0.04151305468858525
run_3,8.512562814070352,True,5.691121060706958,8.1839191010834,0.4933911668668089,1.0,0.46535523352673325,-1.0485464867904382,0.041868999788801826
run_3,8.582914572864322,True,5.880711599022982,7.754980873012165,0.5105070917029286,1.0,0.46617182606428054,-1.0590066680483854,0.04223170977831952
run_3,8.653266331658292,True,6.076870949792035,7.307469253430975,0.5283450272946298,1.0,0.46651481182199345,-1.0688161320786405,0.04258699573508608
run_3,8.723618090452263,True,6.2795724201769705,6.841017765100485,0.5469265130025861,1.0,0.46617584612411594,-1.0774874151094704,0.04291630640467705
run_3,8.793969849246231,True,6.488676907800945,6.355493749424934,0.5662649199801733,1.0,0.4648931621464081,-1.0844034646851095,0.04319492340981348
run_3,8.8643216080402,True,6.7038614278633215,5.851162171172229,0.5863582433024239,1.0,0.46231571341128236,-1.088720319456471,0.043388428905953486
run_3,8.93467336683417,True,6.924513298839619,5.328957212490094,0.6071782210395005,1.0,0.457940712409611,-1.089198493028689,0.04344644490815003
run_3,9.0,True,7.133412229340095,4.829706064722181,0.6271037076326316,1.0,0.4516162995971219,-1.0845637310561684,0.043312556653766335
run_3,9.00502512562814,True,7.149607205876923,4.790798938163653,0.6286574655884355,1.0,0.4510155432559502,-1.0839435143951137,0.04329228260614423
run_3,9.075376884422111,True,7.3775255394358465,4.240054340728587,0.6506700196307098,1.0,0.4404041583292207,-1.0700634895914478,0.0428073181422539
run_3,9.145728643216081,True,7.605727751664236,3.6823937888995726,0.6730004708631542,1.0,0.4244589859972265,-1.043363586089548,0.041812218951882855
run_3,9.21608040201005,True,7.830212706865719,3.12714501484205,0.6952680761251371,1.0,0.4010529230383985,-0.9984683267070017,0.04005969780544327
run_3,9.28643216080402,True,8.045419215846788,2.5875436469139803,0.716911912125513,1.0,0.36804768146151556,-0.9299671887522934,0.037275360647519254
run_3,9.35678391959799,True,8.244327676737031,2.0806112362523823,0.7371885223579693,1.0,0.32458705427816253,-0.8351482794338156,0.0333048347482709
run_3,9.42713567839196,True,8.419708233372964,1.6246358984513436,0.7552915043150124,1.0,0.27281233149355405,-0.717505335099846,0.02833551970897209
run_3,9.49748743718593,True,8.566364099132684,1.2343469148123163,0.7706161640683887,1.0,0.21820369149803884,-0.588194180637295,0.022956164575060098
run_3,9.567839195979898,True,8.682984690284979,0.9161420468087857,0.7829753414337761,1.0,0.16720989750857543,-0.4623353937709797,0.017875563651538195
run_3,9.638190954773869,True,8.771959453990743,0.667139581250681,0.7925813194079807,1.0,0.12415510950840046,-0.3520443375468365,0.013566565094177592
run_3,9.708542713567839,True,8.837898255805033,0.47790397478347957,0.7998853717424661,1.0,0.09023598400189507,-0.262478528369138,0.01016451225360537
run_3,9.77889447236181,True,8.885778103785292,0.33683227635486424,0.8053811201088525,1.0,0.06461387446338172,-0.19322476046830644,0.007590572224599062
run_3,9.84924623115578,True,8.92001697023897,0.2329041791277383,0.8095087055848617,1.0,0.04570190627473671,-0.14121412753024948,0.005687948958701846
run_3,9.919597989949748,True,8.944170695314222,0.15685784199564234,0.812623220041213,1.0,0.0319042017244455,-0.10278684544949585,0.004297904376375483
run_3,9.989949748743719,True,8.960943779556885,0.1014416212872931,0.8149952404295694,1.0,0.021895482652944574,-0.0746593720871683,0.003288227487400686
run_3,10.0,True,8.96286232724337,0.09486820959769421,0.8152860014818768,1.0,0.02071169404224377,-0.07131874713760825,0.0031687132342273433
run_3,10.06030150753769,True,8.972347624040692,0.06114982699740236,0.8168263340405821,1.0,0.014653271992879855,-0.05417757315172888,0.002556670730433931
run_3,10.13065326633166,True,8.979858746087267,0.03188282233815206,0.8182646672723681,1.0,0.009416560831098528,-0.03930433146288853,0.002026970862953067
run_3,10.201005025125628,True,8.984548075931384,0.010635900353704566,0.8194178279695531,1.0,0.005630968150613865,-0.028524109910870465,0.0016434704979414463
run_3,10.271356783919597,True,8.987195880301933,-0.004796368179812815,0.8203642730114298,1.0,0.0028926478278718305,-0.020716070290244488,0.0013655628890701739
run_3,10.341708542713567,True,8.988364656655449,-0.016012358926833437,0.8211606010915007,1.0,0.00091091348680807,-0.015064842601256014,0.001163984395025839
run_3,10.412060301507537,True,8.988462418493706,-0.024176011272607496,0.8218478888848177,1.0,-0.0005246725576819441,-0.010975560225913306,0.0010175299091409
run_3,10.482412060301508,True,8.987784016583506,-0.030130733279538184,0.822455832350322,1.0,-0.0015658892420326238,-0.00801678389911749,0.0009108941333702752
run_3,10.552763819095478,True,8.986542185073578,-0.03448630367888939,0.8230058641491331,1.0,-0.002322078808659284,-0.005876454367726241,0.0008330450852383988
run_3,10.623115577889449,True,8.984891083134725,-0.03768520809901667,0.8235135194592393,1.0,-0.002872366712951097,-0.004328085302329527,0.0007759962007821964
run_3,10.693467336683417,True,8.982942352533719,-0.04004824758459453,0.8239900514426206,1.0,-0.0032739998695008746,-0.0032074645944340265,0.0007339674802577628
run_3,10.763819095477388,True,8.980775541787118,-0.041804146103379666,0.8244434798980367,1.0,-0.0035677335806651818,-0.002397511588036222,0.0007028431344609492
run_3,10.834170854271356,True,8.978450304262887,-0.04312452208594258,0.8248798201208751,1.0,-0.0037841089198789504,-0.00181037972593329,0.0006795383232236435
run_3,10.904522613065327,True,8.976007290742743,-0.044126345893281134,0.8253031722240328,1.0,-0.0039439271214752524,-0.0013861960794440704,0.0006619517895138563
run_3,10.974874371859297,True,8.973477479600454,-0.044898769937808294,0.8257166615134599,1.0,-0.004063030562808947,-0.0010793287924626975,0.0006484830338818246
run_3,11.0,True,8.9725575855149,-0.045132410899385716,0.8258624147869756,1.0,-0.004098074998134008,-0.0009913217714237557,0.0006444307828504863
run_3,11.045226130653266,True,8.970883559895421,-0.045507094266833206,0.8261225778078792,1.0,-0.004153017156187266,-0.0008563558698441368,0.0006379602850170077
run_3,11.115577889447236,True,8.968240271505799,-0.04599371943302687,0.8265224095541952,1.0,-0.004221416174061336,-0.0006955758533079639,0.0006296228329932445
run_3,11.185929648241206,True,8.965559534007323,-0.046392928147593965,0.8269173609527931,1.0,-0.004274312846228797,-0.0005794431233813197,0.0006228558351927985
run_3,11.256281407035177,True,8.96285049360487,-0.04673101741914036,0.8273083566654461,1.0,-0.004316373615943324,-0.0004944996909669368,0.0006171877916864662
run_3,11.326633165829147,True,8.96011835868059,-0.047022932211502,0.8276959243314287,1.0,-0.0043502508649182975,-0.00043309696405730735,0.000612350729742308
run_3,11.396984924623116,True,8.957367260885206,-0.04728051627544965,0.828080483074796,1.0,-0.004378046221886137,-0.00038917375703053286,0.0006081323231379427
run_3,11.467336683417086,True,8.954600952847589,-0.04751452450866869,0.8284624138618923,1.0,-0.004401667513817162,-0.00035722655344492437,0.0006043398199010266
run_3,11.537688442211056,True,8.95182204722345,-0.04773242656109798,0.8288419827515258,1.0,-0.004422439793077659,-0.00033343308845143086,0.0006008393602119877
run_3,11.608040201005025,True,8.949031628424443,-0.047937284639133285,0.8292193017211577,1.0,-0.004440906820480771,-0.0003162262382321349,0.0005975760460236141
run_3,11.678391959798995,True,8.946230721238997,-0.04813199079581546,0.8295944767763812,1.0,-0.004457582014416962,-0.0003041260887521567,0.0005944980425337828
run_3,11.748743718592964,True,8.943420420170725,-0.04831964011990503,0.8299676209945418,1.0,-0.004473014575128361,-0.00029554901693990807,0.0005915498948323758
run_3,11.819095477386934,True,8.94060181651145,-0.048503320263398465,0.8303388471693296,1.0,-0.004487752199289917,-0.00028891536768308455,0.0005886762966227391
run_3,11.889447236180905,True,8.93777525023806,-0.04868395206558175,0.8307081923552453,1.0,-0.004501958653434565,-0.0002837540435837678,0.0005858607461236987
run_3,11.959798994974875,True,8.93494077685858,-0.04886163640301543,0.8310756649483098,1.0,-0.004515652436960251,-0.00028001343409872405,0.0005831014238680046
run_3,12.0,True,8.933317585167904,-0.04896199051176899,0.8312848154195206,1.0,-0.004523272937647676,-0.0002784403879568708,0.0005815473389959358
run_3,12.030150753768845,True,8.932098554854093,-0.04903677249985211,0.8314412837623969,1.0,-0.004528904864243624,-0.00027748934079188463,0.0005803911709076158
run_3,12.100502512562814,True,8.929248827037197,-0.049210004145483044,0.8318050761490878,1.0,-0.004541830521831683,-0.000275852504408239,0.0005777184531579994
run_3,12.170854271356784,True,8.926391920551996,-0.0493822196945381,0.8321670779976695,1.0,-0.004554587252273748,-0.0002746486192108355,0.0005750673628142762
run_3,12.241206030150753,True,8.923528155983023,-0.04955428969865331,0.8325273245671052,1.0,-0.00456732968958804,-0.0002734325415586721,0.0005724223150394273
run_3,12.311557788944723,True,8.920657448605095,-0.04972591572131275,0.8328858102646344,1.0,-0.004580005475790264,-0.00027235707556439684,0.0005697886478007707
run_3,12.381909547738694,True,8.917779757334399,-0.049896926172755394,0.8332425339283261,1.0,-0.0045925847131206765,-0.0002715101497302516,0.0005671694281450995
run_3,12.452261306532662,True,8.914895085778836,-0.05006727944156136,0.8335974989315336,1.0,-0.0046050605100104855,-0.00027091322235766663,0.0005645653969081275
run_3,12.522613065326633,True,8.91200346521837,-0.050237014770622944,0.8339507114661137,1.0,-0.004617440278359053,-0.0002705464124445126,0.0005619758483562865
run_3,12.592964824120603,True,8.909104954605038,-0.050406252257144665,0.8343021805424277,1.0,-0.004629745728170349,-0.00027034850437851135,0.0005593986306604571
run_3,12.663316582914574,True,8.906199640562932,-0.05057519285264319,0.8346519179893412,1.0,-0.004642012862208995,-0.00027021695261736356,0.000556830146369586
run_3,12.733668341708544,True,8.903287637388217,-0.050744118362947455,0.8349999384542236,1.0,-0.004654291970670561,-0.0002700078863469284,0.0005542653528849401
run_3,12.804020100502512,True,8.900368935977982,-0.05091295507684507,0.8353462441608854,1.0,-0.004666570419366743,-0.00026975926525736,0.0005517055680235092
run_3,12.874371859296483,True,8.897443410982719,-0.05108129452039227,0.8356908256325268,1.0,-0.004678776345380445,-0.00026968024560363547,0.0005491580967340878
run_3,12.944723618090453,True,8.89451115635148,-0.0512493626041416,0.8360336955430334,1.0,-0.004690950123256941,-0.0002696555814630118,0.0005466188969074155
run_3,13.0,True,8.892202571995135,-0.05138134407223627,0.8363018998625263,1.0,-0.004700513871635368,-0.00026961401330448403,0.0005446274970946838
run_3,13.015075376884422,True,8.891572249323795,-0.05141733781553511,0.836374864903171,1.0,-0.004703123718861039,-0.0002695942997275514,0.0005440847757435337
run_3,13.085427135678392,True,8.88862674630842,-0.051585339313902634,0.8367143426447651,1.0,-0.004715318586911935,-0.0002694357846700195,0.0005415536023548568
run_3,13.15577889447236,True,8.885674682883336,-0.051753426930461824,0.8370521356206997,1.0,-0.004727545675004283,-0.00026914977440190837,0.0005390243074175092
run_3,13.226130653266331,True,8.882716073795754,-0.051921601168318156,0.8373882486049187,1.0,-0.00473980542761683,-0.0002687363573604527,0.0005364968828224768
run_3,13.296482412060302,True,8.879750912962114,-0.05208980320246488,0.8377226842924247,1.0,-0.004752087790123258,-0.00026822596879524913,0.0005339723813252004
run_3,13.366834170854272,True,8.876779173468082,-0.052257914879783096,0.8380554432992797,1.0,-0.004764372212795749,-0.0002676793872826186,0.0005314529161946528
run_3,13.437185929648242,True,8.873800807568552,-0.05242575871904169,0.8383865241626054,1.0,-0.004776627654805515,-0.00026718773124538337,0.0005289416608612447
run_3,13.507537688442211,True,8.870815746687642,-0.052593097910897356,0.838715923340582,1.0,-0.004788812588210348,-0.00026687245549341174,0.0005264428485647211
run_3,13.577889447236181,True,8.867823930909118,-0.05275972150178918,0.8390436381868401,1.0,-0.004800890060933043,-0.0002668417972547246,0.0005239602494786766
run_3,13.64824120603015,True,8.864825536688256,-0.052926102163483355,0.8393696899168486,1.0,-0.0048129439684967724,-0.0002668544983589507,0.0005214854150752335
run_3,13.71859296482412,True,8.861820637221145,-0.053092415135367825,0.8396940893506651,1.0,-0.004825005601083374,-0.00026682139045303214,0.0005190152146614161
run_3,13.78894472361809,True,8.858809252180578,-0.05325868182308357,0.8400168419283506,1.0,-0.00483707904328068,-0.00026673196746769865,0.0005165492675378135
run_3,13.859296482412061,True,8.855791389160364,-0.05342488950687681,0.8403379518900086,1.0,-0.0048491623403093785,-0.00026659318096508664,0.0005140878030624985
run_3,13.92964824120603,True,8.852767043675337,-0.05359099134159902,0.8406574222757863,1.0,-0.004861247500337126,-0.0002664294381226264,0.0005116316604480838
run_3,14.0,True,8.849736199161358,-0.053756906356706956,0.8409752549258742,1.0,-0.00487332049678184,-0.0002662825997453449,0.0005091822885590668
