process,t,G_est,X_est,P_est
DoE1_R1,0.0,0.0129884492168867,27.450000000000085,0.0
DoE1_R1,2.035277777777779,0.0278927377195871,35.200132107957685,3.196633809855893
DoE1_R1,4.052777777777777,4.078933152839266,40.98069131151152,5.407842207860672
DoE1_R1,6.144444444444446,20.061800977409945,43.26123639314807,6.609219152319387
DoE1_R1,8.169722222222223,47.65380745031183,42.0368716753565,6.8848254798597255
DoE1_R1,10.219444444444452,84.5322183839245,38.2948968439932,6.526319493145009
DoE1_R1,12.027777777777782,123.60499004542751,33.42971542088596,5.827528680553479
DoE1_R2,0.0,0.0,21.166666666666703,0.0
DoE1_R2,2.1283333333333374,0.0012743244858918,25.725141532282382,1.5929565516117017
DoE1_R2,4.145833333333336,0.0015019167588964,29.793743907240145,2.783584053226771
DoE1_R2,6.179166666666667,0.0018166114105704,33.87966041659171,3.840704075369539
DoE1_R2,8.212500000000006,0.0022181912131495,38.02411274883862,4.7746905271431626
DoE1_R2,10.245833333333335,0.0026585209599106,42.23102970095813,5.600705024441036
DoE1_R2,12.1625,0.0030180180500398,46.224809897526114,6.275778194892587
DoE1_R3,0.0,0.0,26.300000000000065,0.0
DoE1_R3,2.2694444444444457,0.0002214255410245,28.251705304801423,0.7223229093792372
DoE1_R3,4.287222222222223,0.0002233463678856,29.94383408462444,1.2454958986989666
DoE1_R3,6.320555555555558,0.0002369750513671,31.6342395124354,1.7382604228132268
DoE1_R3,8.32888888888889,0.0002386202351913,33.27484186003181,2.194816593265962
DoE1_R3,12.253888888888891,0.0002292167603403,36.379988371248416,3.006848413660216
DoE1_R4,0.0,0.0,25.1,0.0
DoE1_R4,2.2886111111111163,0.0010994467524385,30.114249922823632,1.9037910786037509
DoE1_R4,4.265000000000004,0.001307786290212,34.19411928439161,3.181003654188177
DoE1_R4,6.315000000000005,0.001576774574949,38.35267441729479,4.332876180561202
DoE1_R4,8.406666666666666,0.0018827245181037,42.55227864406385,5.364372038851252
DoE1_R4,10.381666666666668,0.0021525126667652,46.44044651253083,6.195629389210769
DoE1_R4,12.265,0.0023962766244029,50.0848658728117,6.87238764995823
DoE2_R1,0.0,0.5012072218927254,45.13333333333325,0.0
DoE2_R1,2.1666666666670054,0.0230585035572233,57.09331288117982,3.339351753746062
DoE2_R1,4.083333333333972,5.092731806606872,64.95384574761219,6.338454294521387
DoE2_R1,6.083333333334284,24.419214947161585,66.84765057439662,7.848962359894501
DoE2_R1,8.125000000001272,57.589955045089525,63.739877252309554,7.542975066029141
DoE2_R1,10.108333333334912,101.81700614532195,56.88813967506757,6.7111541690997125
DoE2_R1,12.04166666666854,144.7667339642516,49.52652737068363,5.818146819428509
DoE2_R2,0.0,0.0,43.73333333333333,0.0
DoE2_R2,2.133333333333667,0.0008464198532748,49.93812218900303,2.683138028568146
DoE2_R2,4.066666666667302,0.0010013760798692,54.81881766344223,4.631209980270839
DoE2_R2,6.066666666667604,0.0012385530731381,59.36402514579185,6.305189214430091
DoE2_R2,8.100000000001252,0.0015090837749602,63.54342295542317,7.709437192935094
DoE2_R2,10.083333333334885,0.0018427240959787,67.22237162697108,8.812754327172986
DoE2_R2,12.033333333335172,0.0021987448088159,70.40788193704842,9.804886235008908
DoE2_R3,0.0,0.0,32.53333333333338,0.0
DoE2_R3,2.0919444444447706,0.0001944785384122,34.384301464637595,1.1341448178935718
DoE2_R3,4.033333333333957,0.0002019689785348,35.98942740015653,2.0766380925888392
DoE2_R3,6.033333333334248,0.0002021231920885,37.522260142732776,2.950938149172483
DoE2_R3,8.066666666667835,0.0002127465326808,38.97318955622833,3.76288395838568
DoE2_R3,10.041666666668078,0.0002209541482958,40.29167895434827,4.4883853486250205
DoE2_R3,11.991666666668335,0.0002268826122601,41.500645104683535,5.151463653564558
DoE2_R4,0.0,0.0,30.36666666666658,0.0
DoE2_R4,2.116666666666955,0.0013864124044376,36.770675602618944,2.246023342668201
DoE2_R4,4.058333333333955,0.0016329161361636,42.042968818502985,3.884034590434548
DoE2_R4,6.066666666667555,0.0020225145559844,47.19365951866327,5.298144848214474
DoE2_R4,8.091666666667955,0.0024673276795454,52.17940946130889,6.504427408727918
DoE2_R4,10.066666666668254,0.0029694992566893,56.864064287796765,7.474478605793193
DoE2_R4,12.016666666668556,0.0034019609068414,61.32820413657335,8.234670109807132
DoE3_R1,0.0,0.0,22.800000000000004,0.0
DoE3_R1,1.7750000000000057,3.2136713488439105e-05,23.05293731505095,0.1136352952572044
DoE3_R1,3.758333333333333,3.217531725967836e-05,23.333170687127943,0.2387450716867009
DoE3_R1,5.766666666666673,3.178614448870984e-05,23.613316311140437,0.3623427868167851
DoE3_R1,7.766666666666669,3.1864772577761184e-05,23.88924885772774,0.4828305435377042
DoE3_R1,9.800000000000004,3.292370371037697e-05,24.171896614988167,0.6044041097766163
DoE3_R1,11.683333333333335,3.146337064139333e-05,24.4248152287312,0.7131449228897817
DoE3_R2,0.0,0.0,23.59999999999999,0.0
DoE3_R2,2.200277777777778,1.0032257949660248,31.94968511812213,2.372424397983401
DoE3_R2,4.19166666666667,13.833085900383049,37.36598306619902,3.867742350969582
DoE3_R2,6.200277777777778,42.30326306700992,38.58834611425126,4.555547047215423
DoE3_R2,8.200277777777778,81.68220309768495,36.38932475421256,3.97991270837532
DoE3_R2,10.225277777777777,124.72166426450408,32.77946558313514,3.123401076688345
DoE3_R2,12.150277777777774,165.07016818959127,28.75614829523991,2.5800721697583984
DoE3_R3,0.0,0.0,23.06666666666657,0.0
DoE3_R3,2.2002777777777744,0.0011753443733518,28.365839560258404,1.1871600384433794
DoE3_R3,4.18333333333333,0.0012982287490316,33.15646197904078,2.0889932152430086
DoE3_R3,6.191944444444442,0.001482298882591,38.21045048415484,2.9076762002948264
DoE3_R3,8.191944444444445,0.0016375134655279,43.46276567511296,3.662341185867941
DoE3_R3,10.225277777777777,0.0017885895493077,48.91424163698559,4.452825085805858
DoE3_R3,12.141944444444448,0.0019060048375236,53.96277750898068,5.239137939068892
DoE3_R4,0.0,0.0,22.2,0.0
DoE3_R4,2.091666666666669,0.0012134242830269,27.39191863341172,0.6512081253215757
DoE3_R4,4.074999999999999,0.001246399570408,32.737648284634346,1.2106013262095434
DoE3_R4,6.083333333333336,0.0013101958497114,38.72623152520083,1.6676594296353393
DoE3_R4,8.083333333333336,0.0013632710860312,45.25353362337931,2.0919689930249965
DoE3_R4,10.116666666666667,0.0013842229010957,52.2667146202398,2.5021362723232423
DoE3_R4,12.033333333333331,0.0013765623270676,58.97811777969574,2.799397170863654
